customId,winnerCode,hasGlobalHighlights,hasEventPlayerStatistics,hasEventPlayerHeatMap,detailId,crowdsourcingDataDisplayEnabled,id,startTimestamp,slug,finalResultOnly,tournament.name,tournament.slug,tournament.category.name,tournament.category.slug,tournament.category.sport.name,tournament.category.sport.slug,tournament.category.sport.id,tournament.category.id,tournament.category.flag,tournament.uniqueTournament.name,tournament.uniqueTournament.slug,tournament.uniqueTournament.category.name,tournament.uniqueTournament.category.slug,tournament.uniqueTournament.category.sport.name,tournament.uniqueTournament.category.sport.slug,tournament.uniqueTournament.category.sport.id,tournament.uniqueTournament.category.id,tournament.uniqueTournament.category.flag,tournament.uniqueTournament.userCount,tournament.uniqueTournament.crowdsourcingEnabled,tournament.uniqueTournament.hasPerformanceGraphFeature,tournament.uniqueTournament.id,tournament.uniqueTournament.hasEventPlayerStatistics,tournament.uniqueTournament.displayInverseHomeAwayTeams,tournament.priority,tournament.id,roundInfo.round,roundInfo.name,roundInfo.cupRoundType,status.code,status.description,status.type,homeTeam.name,homeTeam.slug,homeTeam.shortName,homeTeam.sport.name,homeTeam.sport.slug,homeTeam.sport.id,homeTeam.userCount,homeTeam.nameCode,homeTeam.disabled,homeTeam.type,homeTeam.id,homeTeam.country.alpha2,homeTeam.country.name,homeTeam.subTeams,homeTeam.teamColors.primary,homeTeam.teamColors.secondary,homeTeam.teamColors.text,awayTeam.name,awayTeam.slug,awayTeam.shortName,awayTeam.sport.name,awayTeam.sport.slug,awayTeam.sport.id,awayTeam.userCount,awayTeam.nameCode,awayTeam.disabled,awayTeam.type,awayTeam.id,awayTeam.country.alpha2,awayTeam.country.name,awayTeam.subTeams,awayTeam.teamColors.primary,awayTeam.teamColors.secondary,awayTeam.teamColors.text,homeScore.current,homeScore.display,homeScore.period1,homeScore.period2,homeScore.normaltime,awayScore.current,awayScore.display,awayScore.period1,awayScore.period2,awayScore.normaltime,time.injuryTime1,time.injuryTime2,time.currentPeriodStartTimestamp,changes.changes,changes.changeTimestamp,tournament.category.alpha2,tournament.uniqueTournament.category.alpha2,homeRedCards,awayRedCards,aggregatedWinnerCode,homeScore.penalties,awayScore.penalties,choice_1,choice_X,choice_2
AvcsHvc,2,False,True,True,1.0,False,11399573,1688572800,israel-u21-england-u21,False,"U21 European Championship, Knockout stage",u21-european-championship-knockout-stage,Europe,europe,Football,football,1,1465,europe,U21 European Championship,u21-european-championship,Europe,europe,Football,football,1,1465,europe,0,False,False,454,True,False,451,4837,28.0,Semifinal,2.0,100,Ended,finished,Israel U21,israel-u21,Israel,Football,football,1,0,ISR,False,0,6032,IL,Israel,[],#52b030,#52b030,#ffffff,England U21,england-u21,England,Football,football,1,0,ENG,False,0,6025,EN,England,[],#52b030,#52b030,#ffffff,0,0,0,0,0,3,3,1,2,3,3.0,4.0,1688576635,"['status.code', 'status.description', 'status.type']",1688579599,,,,,,,,8.0,4.75,1.4
MXbsQXb,1,False,True,True,1.0,False,11399600,1688583600,spain-u21-ukraine-u21,False,"U21 European Championship, Knockout stage",u21-european-championship-knockout-stage,Europe,europe,Football,football,1,1465,europe,U21 European Championship,u21-european-championship,Europe,europe,Football,football,1,1465,europe,0,False,False,454,True,False,451,4837,28.0,Semifinal,2.0,100,Ended,finished,Spain U21,spain-u21,Spain,Football,football,1,0,ESP,False,0,4891,ES,Spain,[],#52b030,#52b030,#ffffff,Ukraine U21,ukraine-u21,Ukraine,Football,football,1,0,UKR,False,0,4887,UA,Ukraine,[],#52b030,#52b030,#ffffff,5,5,2,3,5,1,1,1,0,1,1.0,2.0,1688587322,"['status.code', 'status.description', 'status.type']",1688590169,,,,,,,,1.8,3.8,4.33
zwcsMLo,1,True,True,True,1.0,False,10981627,1688581800,godoy-cruz-platense,False,Liga Profesional de Fútbol,liga-profesional-de-futbol,Argentina,argentina,Football,football,1,48,argentina,Liga Profesional de Fútbol,liga-profesional-de-futbol,Argentina,argentina,Football,football,1,48,argentina,0,False,False,155,True,False,351,68,23.0,,,100,Ended,finished,Godoy Cruz,godoy-cruz,Godoy Cruz,Football,football,1,0,GOD,,0,6074,AR,Argentina,[],#52b030,#52b030,#ffffff,Platense,platense,Platense,Football,football,1,0,PLA,,0,36837,AR,Argentina,[],#52b030,#52b030,#ffffff,2,2,1,1,2,1,1,0,1,1,2.0,5.0,1688588626,"['status.code', 'status.description', 'status.type', 'homeScore.period2', 'homeScore.normaltime', 'awayScore.period2', 'awayScore.normaltime', 'time.currentPeriodStart']",1688588630,AR,AR,,,,,,1.83,3.3,5.0
uobsDcd,2,True,True,True,1.0,False,10981623,1688587200,tigre-banfield,False,Liga Profesional de Fútbol,liga-profesional-de-futbol,Argentina,argentina,Football,football,1,48,argentina,Liga Profesional de Fútbol,liga-profesional-de-futbol,Argentina,argentina,Football,football,1,48,argentina,0,False,False,155,True,False,351,68,23.0,,,100,Ended,finished,Tigre,tigre,Tigre,Football,football,1,0,TIG,False,0,7628,AR,Argentina,[],#52b030,#52b030,#ffffff,Banfield,banfield,Banfield,Football,football,1,0,BAN,False,0,3219,AR,Argentina,[],#52b030,#52b030,#ffffff,1,1,0,1,1,2,2,1,1,2,4.0,5.0,1688591149,"['status.code', 'status.description', 'status.type']",1688594606,AR,AR,1.0,,,,,2.6,3.1,2.9
gobsrob,3,True,True,True,1.0,False,10981589,1688590800,rosario-central-estudiantes-de-la-plata,False,Liga Profesional de Fútbol,liga-profesional-de-futbol,Argentina,argentina,Football,football,1,48,argentina,Liga Profesional de Fútbol,liga-profesional-de-futbol,Argentina,argentina,Football,football,1,48,argentina,0,False,False,155,True,False,351,68,23.0,,,100,Ended,finished,Rosario Central,rosario-central,Rosario Central,Football,football,1,0,ROS,False,0,3217,AR,Argentina,[],#52b030,#52b030,#ffffff,Estudiantes de La Plata,estudiantes-de-la-plata,Estudiantes,Football,football,1,0,ELP,False,0,3206,AR,Argentina,[],#52b030,#52b030,#ffffff,0,0,0,0,0,0,0,0,0,0,1.0,5.0,1688594728,"['status.code', 'status.description', 'status.type']",1688597804,AR,AR,,,,,,3.4,3.0,2.38
bobspob,3,True,True,True,1.0,False,10981601,1688596200,racing-club-san-lorenzo,False,Liga Profesional de Fútbol,liga-profesional-de-futbol,Argentina,argentina,Football,football,1,48,argentina,Liga Profesional de Fútbol,liga-profesional-de-futbol,Argentina,argentina,Football,football,1,48,argentina,0,False,False,155,True,False,351,68,23.0,,,100,Ended,finished,Racing Club,racing-club,Racing,Football,football,1,0,RAC,False,0,3215,AR,Argentina,[],#52b030,#52b030,#ffffff,San Lorenzo,san-lorenzo,San Lorenzo,Football,football,1,0,SLO,False,0,3201,AR,Argentina,[],#52b030,#52b030,#ffffff,1,1,1,0,1,1,1,0,1,1,4.0,5.0,1688603526,"['status.code', 'status.description', 'status.type', 'homeScore.period2', 'homeScore.normaltime', 'awayScore.period2', 'awayScore.normaltime', 'time.currentPeriodStart']",1688603528,AR,AR,1.0,1.0,,,,2.88,2.7,3.0
hobslob,1,True,True,True,1.0,False,10981595,1688603400,river-plate-colon,False,Liga Profesional de Fútbol,liga-profesional-de-futbol,Argentina,argentina,Football,football,1,48,argentina,Liga Profesional de Fútbol,liga-profesional-de-futbol,Argentina,argentina,Football,football,1,48,argentina,0,False,False,155,True,False,351,68,23.0,,,100,Ended,finished,River Plate,river-plate,River,Football,football,1,0,RIV,False,0,3211,AR,Argentina,[],#52b030,#52b030,#ffffff,Colón,colon,Colón,Football,football,1,0,COL,False,0,3207,AR,Argentina,[],#52b030,#52b030,#ffffff,2,2,1,1,2,0,0,0,0,0,3.0,4.0,1688610923,"['status.code', 'status.description', 'status.type', 'homeScore.period2', 'homeScore.normaltime', 'awayScore.period2', 'awayScore.normaltime', 'time.currentPeriodStart']",1688610926,AR,AR,,,,,,1.25,6.0,13.0
wobsOLo,2,True,True,True,1.0,False,10981628,1688662800,defensa-y-justicia-arsenal-de-sarandi,False,Liga Profesional de Fútbol,liga-profesional-de-futbol,Argentina,argentina,Football,football,1,48,argentina,Liga Profesional de Fútbol,liga-profesional-de-futbol,Argentina,argentina,Football,football,1,48,argentina,0,False,False,155,True,False,351,68,23.0,,,100,Ended,finished,Arsenal de Sarandí,arsenal-de-sarandi,Arsenal,Football,football,1,0,ARS,False,0,3221,AR,Argentina,[],#52b030,#52b030,#ffffff,Defensa y Justicia,defensa-y-justicia,Def y Justicia,Football,football,1,0,DYJ,,0,36839,AR,Argentina,[],#52b030,#52b030,#ffffff,1,1,1,0,1,2,2,0,2,2,1.0,6.0,1688669587,"['status.code', 'status.description', 'status.type', 'homeScore.period2', 'homeScore.normaltime', 'awayScore.period2', 'awayScore.normaltime', 'time.currentPeriodStart', 'time.currentPeriodStart']",1688669591,AR,AR,,,,,,3.3,3.25,2.25
cobseob,3,True,True,True,1.0,False,10981631,1688673600,union-boca-juniors,False,Liga Profesional de Fútbol,liga-profesional-de-futbol,Argentina,argentina,Football,football,1,48,argentina,Liga Profesional de Fútbol,liga-profesional-de-futbol,Argentina,argentina,Football,football,1,48,argentina,0,False,False,155,True,False,351,68,23.0,,,100,Ended,finished,Unión,union,Unión,Football,football,1,0,UNI,False,0,3204,AR,Argentina,[],#52b030,#52b030,#ffffff,Boca Juniors,boca-juniors,Boca Juniors,Football,football,1,0,BOC,False,0,3202,AR,Argentina,[],#52b030,#52b030,#ffffff,0,0,0,0,0,0,0,0,0,0,1.0,7.0,1688680584,"['time.currentPeriodStart', 'status.code', 'status.description', 'status.type', 'homeScore.period2', 'homeScore.normaltime', 'awayScore.period2', 'awayScore.normaltime']",1688680587,AR,AR,,1.0,,,,2.8,2.9,2.75
qobsMYb,3,True,True,True,1.0,False,10981622,1688680800,instituto-cordoba-argentinos-juniors,False,Liga Profesional de Fútbol,liga-profesional-de-futbol,Argentina,argentina,Football,football,1,48,argentina,Liga Profesional de Fútbol,liga-profesional-de-futbol,Argentina,argentina,Football,football,1,48,argentina,0,False,False,155,True,False,351,68,23.0,,,100,Ended,finished,Argentinos Juniors,argentinos-juniors,Argentinos Jrs.,Football,football,1,0,ARG,False,0,3216,AR,Argentina,[],#52b030,#52b030,#ffffff,Instituto Córdoba,instituto-cordoba,Instituto,Football,football,1,0,IAC,,0,4937,AR,Argentina,[],#52b030,#52b030,#ffffff,0,0,0,0,0,0,0,0,0,0,1.0,5.0,1688688195,"['status.code', 'status.description', 'status.type', 'homeScore.period2', 'homeScore.normaltime', 'awayScore.period2', 'awayScore.normaltime', 'time.currentPeriodStart']",1688688197,AR,AR,,,,,,1.67,3.6,5.5
kobsNWq,2,True,True,True,1.0,False,10981619,1688680800,sarmiento-talleres,False,Liga Profesional de Fútbol,liga-profesional-de-futbol,Argentina,argentina,Football,football,1,48,argentina,Liga Profesional de Fútbol,liga-profesional-de-futbol,Argentina,argentina,Football,football,1,48,argentina,0,False,False,155,True,False,351,68,23.0,,,100,Ended,finished,Sarmiento,sarmiento,Sarmiento,Football,football,1,0,CAS,False,0,42338,AR,Argentina,[],#52b030,#52b030,#ffffff,Talleres,talleres,Talleres,Football,football,1,0,CAT,False,0,3210,AR,Argentina,[],#52b030,#52b030,#ffffff,0,0,0,0,0,1,1,1,0,1,4.0,6.0,1688687889,"['homeScore.period2', 'homeScore.normaltime', 'awayScore.period2', 'awayScore.normaltime', 'time.currentPeriodStart', 'status.code', 'status.description', 'status.type']",1688687899,AR,AR,,,,,,3.3,3.25,2.25
dobstnB,2,True,True,True,1.0,False,10981624,1688689800,barracas-central-belgrano,False,Liga Profesional de Fútbol,liga-profesional-de-futbol,Argentina,argentina,Football,football,1,48,argentina,Liga Profesional de Fútbol,liga-profesional-de-futbol,Argentina,argentina,Football,football,1,48,argentina,0,False,False,155,True,False,351,68,23.0,,,100,Ended,finished,Belgrano,belgrano,Belgrano,Football,football,1,0,BEL,,0,3203,AR,Argentina,[],#52b030,#52b030,#ffffff,Barracas Central,barracas-central,Barracas,Football,football,1,0,BAR,,0,65668,AR,Argentina,[],#52b030,#52b030,#ffffff,0,0,0,0,0,2,2,1,1,2,2.0,4.0,1688696737,"['status.code', 'status.description', 'status.type', 'homeScore.period2', 'homeScore.normaltime', 'awayScore.period2', 'awayScore.normaltime', 'time.currentPeriodStart']",1688696741,AR,AR,,,,,,1.91,3.1,4.5
EcdsILo,2,True,True,True,1.0,False,10981617,1688689800,huracan-atletico-tucuman,False,Liga Profesional de Fútbol,liga-profesional-de-futbol,Argentina,argentina,Football,football,1,48,argentina,Liga Profesional de Fútbol,liga-profesional-de-futbol,Argentina,argentina,Football,football,1,48,argentina,0,False,False,155,True,False,351,68,23.0,,,100,Ended,finished,Huracán,huracan,Huracán,Football,football,1,0,HUR,False,0,7629,AR,Argentina,[],#52b030,#52b030,#ffffff,Atlético Tucumán,atletico-tucuman,Atlético Tucumán,Football,football,1,0,CAT,False,0,36833,AR,Argentina,[],#52b030,#52b030,#ffffff,0,0,0,0,0,1,1,0,1,1,3.0,6.0,1688696785,"['status.code', 'status.description', 'status.type', 'homeScore.period2', 'homeScore.normaltime', 'awayScore.period2', 'awayScore.normaltime', 'time.currentPeriodStart', 'time.currentPeriodStart']",1688696788,AR,AR,,,,,,2.0,3.1,4.33
TcAbsiHld,3,True,True,True,1.0,False,10952213,1688599800,charlotte-fc-new-york-city-fc,False,Major League Soccer,major-league-soccer,USA,usa,Football,football,1,26,usa,MLS,mls,USA,usa,Football,football,1,26,usa,0,False,False,242,True,False,326,18,,,,100,Ended,finished,New York City FC,new-york-city-fc,NY City,Football,football,1,0,NYC,False,0,187643,US,USA,[],#52b030,#52b030,#ffffff,Charlotte FC,charlotte-fc,Charlotte,Football,football,1,0,CHA,False,0,404108,US,USA,[],#52b030,#52b030,#ffffff,1,1,0,1,1,1,1,1,0,1,6.0,6.0,1688607476,"['status.code', 'status.description', 'status.type', 'homeScore.period2', 'homeScore.normaltime', 'awayScore.period2', 'awayScore.normaltime', 'time.currentPeriodStart']",1688607479,US,US,,,,,,2.0,3.4,3.8
jOsHPi,1,False,True,True,1.0,False,11354730,1688594400,crb-sport-recife,False,Brasileiro Série B,brasileiro-serie-b,Brazil,brazil,Football,football,1,13,brazil,Brasileiro Série B,brasileiro-serie-b,Brazil,brazil,Football,football,1,13,brazil,0,False,False,390,True,False,279,1449,1.0,,,100,Ended,finished,CRB,crb,CRB,Football,football,1,0,BRA,,0,22032,BR,Brazil,[],#52b030,#52b030,#ffffff,Sport Recife,sport-recife,Sport Recife,Football,football,1,0,REC,False,0,1959,BR,Brazil,[],#52b030,#52b030,#ffffff,2,2,1,1,2,0,0,0,0,0,5.0,7.0,1688601751,"['status.code', 'status.description', 'status.type', 'homeScore.period2', 'homeScore.normaltime', 'awayScore.period2', 'awayScore.normaltime', 'time.currentPeriodStart']",1688601755,BR,BR,,,,,,2.8,2.88,2.88
wrbsRTn,2,False,True,True,1.0,False,11202903,1688729700,henan-songshan-longmen-shandong-taishan,False,Chinese Super League,chinese-super-league,China,china,Football,football,1,99,china,CFA Super League,cfa-super-league,China,china,Football,football,1,99,china,0,False,False,649,True,False,251,652,15.0,,,100,Ended,finished,Henan Songshan Longmen,henan-songshan-longmen,Henan,Football,football,1,0,HEN,False,0,34692,CN,China,[],#52b030,#52b030,#ffffff,Shandong Taishan,shandong-taishan,Shandong,Football,football,1,0,SHT,False,0,3371,CN,China,[],#52b030,#52b030,#ffffff,0,0,0,0,0,1,1,0,1,1,3.0,5.0,1688736657,"['homeScore.period2', 'homeScore.normaltime', 'awayScore.period2', 'awayScore.normaltime']",1688736865,CN,CN,1.0,,,,,5.0,3.4,1.8
LdLbsQzNb,1,False,True,True,1.0,False,11202901,1688729700,chengdu-rongcheng-meizhou-hakka,False,Chinese Super League,chinese-super-league,China,china,Football,football,1,99,china,CFA Super League,cfa-super-league,China,china,Football,football,1,99,china,0,False,False,649,True,False,251,652,15.0,,,100,Ended,finished,Meizhou Hakka,meizhou-hakka,Meizhou,Football,football,1,0,MEI,,0,215186,CN,China,[],#52b030,#52b030,#ffffff,Chengdu Rongcheng,chengdu-rongcheng,Chengdu,Football,football,1,0,CHR,False,0,221241,CN,China,[],#52b030,#52b030,#ffffff,3,3,1,2,3,1,1,0,1,1,10.0,3.0,1688737000,"['homeScore.period2', 'homeScore.normaltime', 'awayScore.period2', 'awayScore.normaltime']",1688737173,CN,CN,,1.0,,,,5.0,4.2,1.62
VTnsPDB,3,False,True,True,1.0,False,11202908,1688729700,cangzhou-mighty-lions-qingdao-hainiu,False,Chinese Super League,chinese-super-league,China,china,Football,football,1,99,china,CFA Super League,cfa-super-league,China,china,Football,football,1,99,china,0,False,False,649,True,False,251,652,15.0,,,100,Ended,finished,Qingdao Hainiu,qingdao-hainiu,Hainiu,Football,football,1,0,QIN,False,0,34695,CN,China,[],#52b030,#52b030,#ffffff,Cangzhou Mighty Lions,cangzhou-mighty-lions,Cangzhou,Football,football,1,0,CML,False,0,66440,CN,China,[],#52b030,#52b030,#ffffff,1,1,0,1,1,1,1,0,1,1,2.0,5.0,1688736567,"['status.code', 'status.description', 'status.type', 'homeScore.period2', 'homeScore.normaltime', 'awayScore.period2', 'awayScore.normaltime', 'time.currentPeriodStart']",1688736572,CN,CN,,,,,,2.75,3.3,2.63
rrbsDAac,3,False,True,True,1.0,False,11202902,1688729700,tianjin-jinmen-tiger-nantong-zhiyun,False,Chinese Super League,chinese-super-league,China,china,Football,football,1,99,china,CFA Super League,cfa-super-league,China,china,Football,football,1,99,china,0,False,False,649,True,False,251,652,15.0,,,100,Ended,finished,Tianjin Jinmen Tiger,tianjin-jinmen-tiger,Tianjin,Football,football,1,0,TTT,False,0,3367,CN,China,[],#52b030,#52b030,#ffffff,Nantong Zhiyun,nantong-zhiyun,Nantong,Football,football,1,0,NAN,,0,251278,CN,China,[],#52b030,#52b030,#ffffff,1,1,0,1,1,1,1,0,1,1,4.0,7.0,1688736777,"['status.code', 'status.description', 'status.type', 'homeScore.period2', 'homeScore.normaltime', 'awayScore.period2', 'awayScore.normaltime', 'time.currentPeriodStart']",1688736779,CN,CN,,,,,,1.57,3.75,6.0
yrbsXTn,2,False,True,True,1.0,False,11202904,1688729700,zhejiang-shanghai-shenhua,False,Chinese Super League,chinese-super-league,China,china,Football,football,1,99,china,CFA Super League,cfa-super-league,China,china,Football,football,1,99,china,0,False,False,649,True,False,251,652,15.0,,,100,Ended,finished,Zhejiang,zhejiang,Zhejiang,Football,football,1,0,ZHP,False,0,34697,CN,China,[],#52b030,#52b030,#ffffff,Shanghai Shenhua,shanghai-shenhua,Shenhua,Football,football,1,0,SHS,False,0,3373,CN,China,[],#52b030,#52b030,#ffffff,0,0,0,0,0,1,1,1,0,1,2.0,5.0,1688736623,"['status.code', 'status.description', 'status.type', 'homeScore.period2', 'homeScore.normaltime', 'awayScore.period2', 'awayScore.normaltime', 'time.currentPeriodStart']",1688736626,CN,CN,,,,,,2.25,3.25,3.3
dnbsEPc,2,True,True,True,1.0,False,10961695,1688684400,nublense-union-espanola,False,Primera Division,primera-division,Chile,chile,Football,football,1,49,chile,Primera Division,primera-division,Chile,chile,Football,football,1,49,chile,0,False,False,11653,True,False,237,64475,16.0,,,100,Ended,finished,Ñublense,nublense,Ñublense,Football,football,1,0,NUB,False,0,7029,CL,Chile,[],#52b030,#52b030,#ffffff,Unión Española,union-espanola,Unión Española,Football,football,1,0,ESP,,0,3153,CL,Chile,[],#52b030,#52b030,#ffffff,0,0,0,0,0,1,1,0,1,1,3.0,6.0,1688691531,"['time.currentPeriodStart', 'status.code', 'status.description', 'status.type', 'homeScore.period2', 'homeScore.normaltime', 'awayScore.period2', 'awayScore.normaltime']",1688691534,CL,CL,,,,,,2.5,3.25,2.88
kNcsqXq,1,True,True,True,1.0,False,11300906,1688578200,al-ahly-sc-ismaily,False,Premier League,premier-league,Egypt,egypt,Football,football,1,305,egypt,Premier League,premier-league,Egypt,egypt,Football,football,1,305,egypt,0,False,False,808,True,False,172,38612,18.0,,,100,Ended,finished,Al Ahly SC,al-ahly-sc,Al Ahly,Football,football,1,0,AHL,False,0,6910,EG,Egypt,[],#52b030,#52b030,#ffffff,Ismaily,ismaily,Ismaily,Football,football,1,0,ISM,False,0,42366,EG,Egypt,[],#52b030,#52b030,#ffffff,1,1,0,1,1,0,0,0,0,0,4.0,7.0,1688585430,"['status.code', 'status.description', 'status.type', 'homeScore.period2', 'homeScore.normaltime', 'awayScore.period2', 'awayScore.normaltime', 'time.currentPeriodStart']",1688585432,EG,EG,,,,,,1.3,4.75,8.0
WmbsDcc,2,True,True,True,1.0,False,11009464,1688724000,albirex-niigata-vissel-kobe,False,J1 League,j1-league,Japan,japan,Football,football,1,52,japan,J1 League,j1-league,Japan,japan,Football,football,1,52,japan,0,False,False,196,True,False,166,82,20.0,,,100,Ended,finished,Albirex Niigata,albirex-niigata,Albirex Niigata,Football,football,1,0,ALB,False,0,5128,JP,Japan,[],#52b030,#52b030,#ffffff,Vissel Kobe,vissel-kobe,Vissel Kobe,Football,football,1,0,VIK,False,0,3146,JP,Japan,[],#52b030,#52b030,#ffffff,0,0,0,0,0,1,1,1,0,1,1.0,6.0,1688730973,"['status.code', 'status.description', 'status.type', 'homeScore.period2', 'homeScore.normaltime', 'awayScore.period2', 'awayScore.normaltime', 'time.currentPeriodStart']",1688730977,JP,JP,,,,,,3.4,3.6,2.05
vJnsmDu,3,True,True,True,1.0,False,11000444,1688725800,gwangju-fc-gangwon-fc,False,K League 1,k-league-1,South Korea,south-korea,Football,football,1,291,south-korea,K League 1,k-league-1,South Korea,south-korea,Football,football,1,291,south-korea,0,False,False,410,True,False,13,3284,21.0,,,100,Ended,finished,Gangwon FC,gangwon-fc,Gangwon,Football,football,1,0,GAW,,0,34220,KR,South Korea,[],#52b030,#52b030,#ffffff,Gwangju FC,gwangju-fc,Gwangju,Football,football,1,0,GWA,,0,48912,KR,South Korea,[],#52b030,#52b030,#ffffff,1,1,0,1,1,1,1,0,1,1,2.0,5.0,1688732832,"['homeScore.period2', 'homeScore.normaltime', 'awayScore.period2', 'awayScore.normaltime']",1688733116,KR,KR,,,,,,3.3,3.1,2.2
UcdsZcd,2,True,True,True,1.0,False,11000441,1688725800,jeju-united-daegu-fc,False,K League 1,k-league-1,South Korea,south-korea,Football,football,1,291,south-korea,K League 1,k-league-1,South Korea,south-korea,Football,football,1,291,south-korea,0,False,False,410,True,False,13,3284,21.0,,,100,Ended,finished,Jeju United,jeju-united,Jeju United,Football,football,1,0,JEJ,,0,7649,KR,South Korea,[],#52b030,#52b030,#ffffff,Daegu FC,daegu-fc,Daegu FC,Football,football,1,0,DAG,,0,7644,KR,South Korea,[],#52b030,#52b030,#ffffff,1,1,1,0,1,2,2,1,1,2,4.0,4.0,1688732765,"['status.code', 'status.description', 'status.type', 'homeScore.period2', 'homeScore.normaltime', 'awayScore.period2', 'awayScore.normaltime', 'time.currentPeriodStart']",1688732768,KR,KR,,,,,,2.3,3.3,3.0
nOsGO,1,True,True,True,1.0,False,11335832,1688596200,sao-paulo-palmeiras,False,Copa do Brasil,copa-do-brasil,Brazil,brazil,Football,football,1,13,brazil,Copa do Brasil,copa-do-brasil,Brazil,brazil,Football,football,1,13,brazil,0,False,False,373,False,False,0,283,27.0,Quarterfinal,4.0,100,Ended,finished,São Paulo,sao-paulo,São Paulo,Football,football,1,0,SPA,False,0,1981,BR,Brazil,[],#52b030,#52b030,#ffffff,Palmeiras,palmeiras,Palmeiras,Football,football,1,0,PAL,False,0,1963,BR,Brazil,[],#52b030,#52b030,#ffffff,1,1,0,1,1,0,0,0,0,0,4.0,6.0,1688603457,"['status.code', 'status.description', 'status.type', 'homeScore.period2', 'homeScore.normaltime', 'awayScore.period2', 'awayScore.normaltime', 'time.currentPeriodStart']",1688603459,BR,BR,,,,,,2.63,3.0,3.0
hOsyO,1,True,True,True,1.0,False,11335830,1688603400,america-mineiro-corinthians,False,Copa do Brasil,copa-do-brasil,Brazil,brazil,Football,football,1,13,brazil,Copa do Brasil,copa-do-brasil,Brazil,brazil,Football,football,1,13,brazil,0,False,False,373,False,False,0,283,27.0,Quarterfinal,4.0,100,Ended,finished,América Mineiro,america-mineiro,América-MG,Football,football,1,0,AMG,False,0,1973,BR,Brazil,[],#52b030,#52b030,#ffffff,Corinthians,corinthians,Corinthians,Football,football,1,0,COR,False,0,1957,BR,Brazil,[],#52b030,#52b030,#ffffff,1,1,1,0,1,0,0,0,0,0,4.0,5.0,1688610264,"['status.code', 'status.description', 'status.type', 'homeScore.period2', 'homeScore.normaltime', 'awayScore.period2', 'awayScore.normaltime', 'time.currentPeriodStart']",1688610266,BR,BR,,,,,,2.3,3.1,3.4
rOsGuc,1,True,True,True,1.0,False,11335831,1688603400,flamengo-athletico,False,Copa do Brasil,copa-do-brasil,Brazil,brazil,Football,football,1,13,brazil,Copa do Brasil,copa-do-brasil,Brazil,brazil,Football,football,1,13,brazil,0,False,False,373,False,False,0,283,27.0,Quarterfinal,4.0,100,Ended,finished,Flamengo,flamengo,Flamengo,Football,football,1,0,FLA,False,0,5981,BR,Brazil,[],#52b030,#52b030,#ffffff,Athletico,athletico,Athletico,Football,football,1,0,CAP,False,0,1967,BR,Brazil,[],#52b030,#52b030,#ffffff,2,2,0,2,2,1,1,1,0,1,4.0,6.0,1688610360,"['status.code', 'status.description', 'status.type', 'homeScore.period2', 'homeScore.normaltime', 'awayScore.period2', 'awayScore.normaltime']",1688610403,BR,BR,,,,,,1.57,4.0,6.0
xajsZaj,1,False,True,True,1.0,False,11258754,1688659200,portugal-u19-italy-u19,False,"U19 European Championship, Group A",u19-european-championship-group-a,Europe,europe,Football,football,1,1465,europe,U19 European Championship,u19-european-championship,Europe,europe,Football,football,1,1465,europe,0,False,False,258,True,False,0,4600,2.0,,,100,Ended,finished,Portugal U19,portugal-u19,Portugal,Football,football,1,0,POR,False,0,22549,PT,Portugal,[],#52b030,#52b030,#ffffff,Italy U19,italy-u19,Italy,Football,football,1,0,ITA,False,0,22522,IT,Italy,[],#52b030,#52b030,#ffffff,5,5,1,4,5,1,1,1,0,1,6.0,5.0,1688666470,"['status.code', 'status.description', 'status.type', 'homeScore.period2', 'homeScore.normaltime', 'awayScore.period2', 'awayScore.normaltime', 'time.currentPeriodStart']",1688666474,,,,1.0,,,,2.05,3.4,3.1
NajsYaj,2,False,True,True,1.0,False,11258755,1688670900,poland-u19-malta-u19,False,"U19 European Championship, Group A",u19-european-championship-group-a,Europe,europe,Football,football,1,1465,europe,U19 European Championship,u19-european-championship,Europe,europe,Football,football,1,1465,europe,0,False,False,258,True,False,0,4600,2.0,,,100,Ended,finished,Malta U19,malta-u19,Malta,Football,football,1,0,MLT,False,0,22538,MT,Malta,[],#52b030,#52b030,#ffffff,Poland U19,poland-u19,Poland,Football,football,1,0,POL,False,0,22548,PL,Poland,[],#52b030,#52b030,#ffffff,0,0,0,0,0,2,2,0,2,2,1.0,4.0,1688677637,"['status.code', 'status.description', 'status.type', 'homeScore.period2', 'homeScore.normaltime', 'awayScore.period2', 'awayScore.normaltime', 'time.currentPeriodStart']",1688677640,,,1.0,1.0,,,,15.0,8.0,1.14
eVsgV,1,False,,,,False,11030119,1688657400,kpv-tps,False,Ykkonen,ykkonen,Finland,finland,Football,football,1,19,finland,Ykkönen,ykkonen,Finland,finland,Football,football,1,19,finland,0,False,False,55,False,False,0,527,1.0,,,100,Ended,finished,TPS,tps,TPS,Football,football,1,0,TPS,False,0,2254,FI,Finland,[],#52b030,#52b030,#ffffff,KPV,kpv,KPV,Football,football,1,0,KPV,False,0,2256,FI,Finland,[],#52b030,#52b030,#ffffff,4,4,1,3,4,1,1,0,1,1,,4.0,1688664055,"['status.code', 'status.description', 'status.type', 'homeScore.period2', 'homeScore.normaltime', 'awayScore.period2', 'awayScore.normaltime', 'time.currentPeriodStart']",1688664059,FI,FI,,,,,,1.5,4.0,5.75
UUsibc,1,False,,,,False,11378966,1688569200,ifk-mariehamn-kups,False,Suomen Cup,suomen-cup,Finland,finland,Football,football,1,19,finland,Suomen Cup,suomen-cup,Finland,finland,Football,football,1,19,finland,0,False,False,220,False,False,0,122,27.0,Quarterfinal,4.0,120,AP,finished,IFK Mariehamn,ifk-mariehamn,Mariehamn,Football,football,1,0,MAR,False,0,5058,FI,Finland,[],#52b030,#52b030,#ffffff,KuPS,kups,KuPS,Football,football,1,0,KUPS,False,0,2244,FI,Finland,[],#52b030,#52b030,#ffffff,6,1,0,1,1,5,1,1,0,1,,,1688572920,"['status.code', 'status.description', 'status.type']",1688576665,FI,FI,,,1.0,5.0,4.0,4.33,3.6,1.65
fVsocc,2,False,,,,False,11378960,1688571000,ac-oulu-ktp,False,Suomen Cup,suomen-cup,Finland,finland,Football,football,1,19,finland,Suomen Cup,suomen-cup,Finland,finland,Football,football,1,19,finland,0,False,False,220,False,False,0,122,27.0,Quarterfinal,4.0,100,Ended,finished,KTP,ktp,KTP,Football,football,1,0,KOT,,0,2255,FI,Finland,[],#52b030,#52b030,#ffffff,AC Oulu,ac-oulu,Oulu,Football,football,1,0,ACO,False,0,5114,FI,Finland,[],#52b030,#52b030,#ffffff,1,1,1,0,1,2,2,0,2,2,,,1688574660,"['status.code', 'status.description', 'status.type', 'homeScore.period2', 'awayScore.period2', 'awayScore.normaltime']",1688577607,FI,FI,,,2.0,,,2.7,3.25,2.3
kVsUXi,2,False,,,,False,11378963,1688571000,fc-honka-salpa,False,Suomen Cup,suomen-cup,Finland,finland,Football,football,1,19,finland,Suomen Cup,suomen-cup,Finland,finland,Football,football,1,19,finland,0,False,False,220,False,False,0,122,27.0,Quarterfinal,4.0,100,Ended,finished,SalPa,salpa,SalPa,Football,football,1,0,SAL,,0,22394,FI,Finland,[],#52b030,#52b030,#ffffff,FC Honka,fc-honka,Honka,Football,football,1,0,HON,,0,2260,FI,Finland,[],#52b030,#52b030,#ffffff,1,1,1,0,1,3,3,2,1,3,,,1688574840,"['status.code', 'status.description', 'status.type', 'homeScore.period2', 'awayScore.period2', 'awayScore.normaltime']",1688577822,FI,FI,,,2.0,,,7.0,5.0,1.29
LXisLCnc,2,False,,,,False,11378961,1688572800,vjs-ilves,False,Suomen Cup,suomen-cup,Finland,finland,Football,football,1,19,finland,Suomen Cup,suomen-cup,Finland,finland,Football,football,1,19,finland,0,False,False,220,False,False,0,122,27.0,Quarterfinal,4.0,100,Ended,finished,VJS,vjs,VJS,Football,football,1,0,VJS,False,0,283886,FI,Finland,[],#52b030,#52b030,#ffffff,Ilves,ilves,Ilves,Football,football,1,0,ILV,False,0,22386,FI,Finland,[],#52b030,#52b030,#ffffff,0,0,0,0,0,4,4,1,3,4,,,1688576400,"['status.code', 'status.description', 'status.type', 'homeScore.period2', 'awayScore.period2', 'awayScore.normaltime']",1688579456,FI,FI,,,2.0,,,17.0,7.0,1.12
vaFbsIUGb,3,True,,,,False,11382979,1688716800,pss-sleman-persis-solo,False,Liga 1,liga-1,Indonesia,indonesia,Football,football,1,368,indonesia,Liga 1,liga-1,Indonesia,indonesia,Football,football,1,368,indonesia,0,False,False,1015,False,False,0,4113,2.0,,,100,Ended,finished,PSS Sleman,pss-sleman,PSS Sleman,Football,football,1,0,SLE,,0,204733,ID,Indonesia,[],#52b030,#52b030,#ffffff,Persis Solo,persis-solo,Persis,Football,football,1,0,PSO,False,0,200020,ID,Indonesia,[],#52b030,#52b030,#ffffff,2,2,1,1,2,2,2,1,1,2,,,1688720520,"['status.code', 'status.description', 'status.type', 'homeScore.period2', 'homeScore.normaltime', 'awayScore.period2', 'awayScore.normaltime']",1688723480,ID,ID,,,,,,2.4,3.2,2.75
pZtsOKA,3,True,,,,False,11382980,1688731200,persib-bandung-arema-fc,False,Liga 1,liga-1,Indonesia,indonesia,Football,football,1,368,indonesia,Liga 1,liga-1,Indonesia,indonesia,Football,football,1,368,indonesia,0,False,False,1015,False,False,0,4113,2.0,,,100,Ended,finished,Arema FC,arema-fc,Arema,Football,football,1,0,ARE,False,0,47465,ID,Indonesia,[],#52b030,#52b030,#ffffff,Persib Bandung,persib-bandung,Persib,Football,football,1,0,PBA,False,0,64289,ID,Indonesia,[],#52b030,#52b030,#ffffff,3,3,2,1,3,3,3,2,1,3,3.0,6.0,1688738226,"['status.code', 'status.description', 'status.type', 'homeScore.period2', 'homeScore.normaltime', 'awayScore.period2', 'awayScore.normaltime', 'time.currentPeriodStart']",1688738228,ID,ID,,,,,,3.8,3.5,1.83
YEqsBRmc,1,True,,,,False,11070059,1688569200,bfc-daugava-daugavpils-sk-super-nova,False,Virsliga,virsliga,Latvia,latvia,Football,football,1,163,latvia,Virsliga,virsliga,Latvia,latvia,Football,football,1,163,latvia,0,False,False,197,False,False,0,1279,21.0,,,100,Ended,finished,BFC Daugava Daugavpils,bfc-daugava-daugavpils,BFC Daugavpils,Football,football,1,0,BFC,,0,41498,LV,Latvia,[],#52b030,#52b030,#ffffff,SK Super Nova,sk-super-nova,SK Super Nova,Football,football,1,0,SUN,,0,282126,LV,Latvia,[],#52b030,#52b030,#ffffff,2,2,0,2,2,0,0,0,0,0,,,1688572920,"['status.code', 'status.description', 'status.type', 'homeScore.period2', 'homeScore.normaltime', 'awayScore.period2']",1688575874,LV,LV,,,,,,1.45,4.2,5.5
Vgcshlzc,1,True,,,,False,11328661,1688659200,fk-zalgiris-fk-riteriai,False,A Lyga,a-lyga,Lithuania,lithuania,Football,football,1,160,lithuania,A Lyga,a-lyga,Lithuania,lithuania,Football,football,1,160,lithuania,0,False,False,198,False,False,0,1260,21.0,,,100,Ended,finished,FK Žalgiris,fk-zalgiris,Žalgiris,Football,football,1,0,ZAL,False,0,5345,LT,Lithuania,[],#52b030,#52b030,#ffffff,FK Riteriai,fk-riteriai,Riteriai,Football,football,1,0,RIT,False,0,310557,LT,Lithuania,[],#52b030,#52b030,#ffffff,3,3,1,2,3,0,0,0,0,0,,,1688665781,"['status.code', 'status.description', 'status.type', 'homeScore.period2', 'homeScore.normaltime', 'awayScore.period2', 'awayScore.normaltime', 'time.currentPeriodStart']",1688665784,LT,LT,,,,,,1.25,4.75,11.0
zqbsIqb,3,True,,,,False,11021152,1688734800,terengganu-kuala-lumpur-city-fc,False,Malaysia Super League,malaysia-super-league,Malaysia,malaysia,Football,football,1,85,malaysia,Malaysia Super League,malaysia-super-league,Malaysia,malaysia,Football,football,1,85,malaysia,0,False,False,1000,False,False,0,3938,16.0,,,100,Ended,finished,Kuala Lumpur City FC,kuala-lumpur-city-fc,Kuala Lumpur City FC,Football,football,1,0,KUA,False,0,3324,MY,Malaysia,[],#52b030,#52b030,#ffffff,Terengganu,terengganu,Terengganu,Football,football,1,0,TER,,0,3333,MY,Malaysia,[],#52b030,#52b030,#ffffff,3,3,3,0,3,3,3,1,2,3,,,1688738829,"['status.code', 'status.description', 'status.type', 'homeScore.period2', 'homeScore.normaltime', 'awayScore.period2', 'awayScore.normaltime', 'time.injuryTime1', 'time.injuryTime2']",1688741826,MY,MY,,,,,,2.38,4.0,2.38
POzsfGAc,3,True,,,,False,11021151,1688734800,perak-fc-kelantan-united-fc,False,Malaysia Super League,malaysia-super-league,Malaysia,malaysia,Football,football,1,85,malaysia,Malaysia Super League,malaysia-super-league,Malaysia,malaysia,Football,football,1,85,malaysia,0,False,False,1000,False,False,0,3938,16.0,,,100,Ended,finished,Perak FC,perak-fc,Perak,Football,football,1,0,PER,,0,61990,MY,Malaysia,[],#52b030,#52b030,#ffffff,Kelantan United FC,kelantan-united-fc,Kelantan United FC,Football,football,1,0,KEL,,0,314055,MY,Malaysia,[],#52b030,#52b030,#ffffff,1,1,1,0,1,1,1,0,1,1,,,1688738671,"['status.code', 'status.description', 'status.type', 'homeScore.period2', 'homeScore.normaltime', 'awayScore.period2', 'awayScore.normaltime', 'time.injuryTime1', 'time.injuryTime2']",1688741715,MY,MY,,,,,,2.5,3.8,2.3
rgosqXRd,1,False,,,,False,11404118,1688607000,centro-caribe-sports-mexico,False,"Central American and Caribbean Games, Playoffs",central-american-and-caribbean-games-playoffs,North & Central America,north-central-america,Football,football,1,1469,north-and-central-america,"Central American and Caribbean Games, Women",central-american-and-caribbean-games-women,North & Central America,north-central-america,Football,football,1,1469,north-and-central-america,0,False,False,11302,False,False,0,117767,28.0,Semifinal,2.0,100,Ended,finished,Mexico,mexico,Mexico,Football,football,1,0,MEX,,0,35317,MX,Mexico,[],#52b030,#52b030,#ffffff,Centro Caribe Sports,centro-caribe-sports,Centro Caribe Sports,Football,football,1,0,CEN,False,0,482366,,,[],#52b030,#52b030,#ffffff,6,6,4,2,6,0,0,0,0,0,1.0,,1688613390,"['status.code', 'status.description', 'status.type', 'homeScore.period2', 'homeScore.normaltime', 'awayScore.period2', 'awayScore.normaltime', 'time.currentPeriodStart']",1688613392,,,,,,,,1.33,5.0,6.0
efBbsMvIb,1,False,,,,False,11406357,1688693400,mexico-u23-costa-rica-u23,False,"Central American and Caribbean Games, Knockout stage",central-american-and-caribbean-games-knockout-stage,North & Central America,north-central-america,Football,football,1,1469,north-and-central-america,Central American and Caribbean Games,central-american-and-caribbean-games,North & Central America,north-central-america,Football,football,1,1469,north-and-central-america,0,False,False,11304,False,False,0,117756,29.0,Final,1.0,100,Ended,finished,Mexico U23,mexico-u23,Mexico,Football,football,1,0,MEX,False,0,208537,MX,Mexico,[],#52b030,#52b030,#ffffff,Costa Rica U23,costa-rica-u23,Costa Rica,Football,football,1,0,CRC,False,0,190254,CR,Costa Rica,[],#52b030,#52b030,#ffffff,2,2,1,1,2,1,1,0,1,1,1.0,4.0,1688700079,"['time.currentPeriodStart', 'status.code', 'status.description', 'status.type', 'homeScore.period2', 'homeScore.normaltime', 'awayScore.period2', 'awayScore.normaltime']",1688700084,,,,,,,,1.57,3.75,5.5
dosVwc,2,False,,,,False,11332738,1688572800,vard-haugesund-valerenga-if-ii,False,"2nd Division, Group 1",2nd-division-group-1,Norway,norway,Football,football,1,5,norway,"2nd Division, Group 1",2nd-division-group-1,Norway,norway,Football,football,1,5,norway,0,False,False,11085,False,False,0,396,8.0,,,100,Ended,finished,Vålerenga IF II,valerenga-if-ii,Vålerenga II,Football,football,1,0,VA2,,0,6095,NO,Norway,[],#52b030,#52b030,#ffffff,Vard Haugesund,vard-haugesund,Vard Haugesund,Football,football,1,0,VAH,,0,703,NO,Norway,[],#52b030,#52b030,#ffffff,0,0,0,0,0,2,2,2,0,2,1.0,5.0,1688579457,"['time.currentPeriodStart', 'status.code', 'status.description', 'status.type', 'homeScore.period2', 'homeScore.normaltime', 'awayScore.period2', 'awayScore.normaltime']",1688579460,NO,NO,,,,,,3.1,4.5,1.75
TkbsIGn,2,True,,,,False,11041352,1688643900,hougang-united-tampines-rovers,False,Premier League,premier-league,Singapore,singapore,Football,football,1,45,singapore,Premier League,premier-league,Singapore,singapore,Football,football,1,45,singapore,0,False,False,634,False,False,0,58,,,,100,Ended,finished,Hougang United,hougang-united,Hougang Utd,Football,football,1,0,HOU,,0,34083,SG,Singapore,[],#52b030,#52b030,#ffffff,Tampines Rovers,tampines-rovers,Tampines Rovers,Football,football,1,0,TAM,,0,3043,SG,Singapore,[],#52b030,#52b030,#ffffff,0,0,0,0,0,1,1,1,0,1,1.0,4.0,1688650626,"['status.code', 'status.description', 'status.type', 'homeScore.period2', 'homeScore.normaltime', 'awayScore.period2', 'awayScore.normaltime', 'time.currentPeriodStart']",1688650628,SG,SG,,,,,,6.0,4.75,1.36
NkbsOkb,2,True,,,,False,11041358,1688643900,balestier-central-tanjong-pagar-united,False,Premier League,premier-league,Singapore,singapore,Football,football,1,45,singapore,Premier League,premier-league,Singapore,singapore,Football,football,1,45,singapore,0,False,False,634,False,False,0,58,,,,100,Ended,finished,Tanjong Pagar United,tanjong-pagar-united,Tanjong Pagar Utd.,Football,football,1,0,TPU,,0,3038,SG,Singapore,[],#52b030,#52b030,#ffffff,Balestier Central,balestier-central,Balestier Khalsa,Football,football,1,0,BAL,,0,3039,SG,Singapore,[],#52b030,#52b030,#ffffff,2,2,1,1,2,3,3,1,2,3,1.0,4.0,1688650576,"['status.code', 'status.description', 'status.type', 'homeScore.period2', 'homeScore.normaltime', 'awayScore.period2', 'awayScore.normaltime', 'time.currentPeriodStart']",1688650580,SG,SG,,1.0,,,,3.4,4.2,1.8
QkbsHGn,2,True,,,,False,11041356,1688730300,young-lions-lion-city-sailors,False,Premier League,premier-league,Singapore,singapore,Football,football,1,45,singapore,Premier League,premier-league,Singapore,singapore,Football,football,1,45,singapore,0,False,False,634,False,False,0,58,,,,100,Ended,finished,Young Lions,young-lions,Young Lions,Football,football,1,0,YGL,,0,34082,SG,Singapore,[],#52b030,#52b030,#ffffff,Lion City Sailors,lion-city-sailors,Lion City Sailors,Football,football,1,0,LIO,False,0,3041,SG,Singapore,[],#52b030,#52b030,#ffffff,0,0,0,0,0,4,4,0,4,4,1.0,3.0,1688736892,"['status.code', 'status.description', 'status.type', 'homeScore.period2', 'homeScore.normaltime', 'awayScore.period2', 'awayScore.normaltime', 'time.currentPeriodStart']",1688736896,SG,SG,,,,,,19.0,11.0,1.1
vRebsBuKb,1,True,,,,False,11349103,1688583600,independiente-del-valle-u20-envigado-fc-u20,False,"U20 CONMEBOL Libertadores, Group B",u20-conmebol-libertadores-group-b,South America,south-america,Football,football,1,1470,south-america,U20 CONMEBOL Libertadores,u20-conmebol-libertadores,South America,south-america,Football,football,1,1470,south-america,0,False,False,1074,False,False,0,16097,2.0,,,100,Ended,finished,Independiente del Valle U20,independiente-del-valle-u20,Independiente,Football,football,1,0,VAL,,0,213476,EC,Ecuador,[],#52b030,#52b030,#ffffff,Envigado FC U20,envigado-fc-u20,Envigado,Football,football,1,0,ENV,,0,137120,,,[],#52b030,#52b030,#ffffff,1,1,1,0,1,0,0,0,0,0,,5.0,1688590611,"['time.currentPeriodStart', 'status.code', 'status.description', 'status.type', 'homeScore.period2', 'homeScore.normaltime', 'awayScore.period2']",1688590613,,,,,,,,1.57,3.4,5.5
oPDsvhRd,1,True,,,,False,11349104,1688594400,cerro-porteno-u20-always-ready-u20,False,"U20 CONMEBOL Libertadores, Group B",u20-conmebol-libertadores-group-b,South America,south-america,Football,football,1,1470,south-america,U20 CONMEBOL Libertadores,u20-conmebol-libertadores,South America,south-america,Football,football,1,1470,south-america,0,False,False,1074,False,False,0,16097,2.0,,,100,Ended,finished,Cerro Porteño U20,cerro-porteno-u20,Cerro Porteño,Football,football,1,0,CER,,0,72014,PY,Paraguay,[],#52b030,#52b030,#ffffff,Always Ready U20,always-ready-u20,Always Ready,Football,football,1,0,ALW,False,0,480370,BO,Bolivia,[],#52b030,#52b030,#ffffff,4,4,2,2,4,1,1,0,1,1,,,1688598240,"['homeScore.period1', 'homeScore.period2', 'homeScore.current', 'homeScore.display', 'homeScore.period2', 'homeScore.normaltime']",1688605666,,,,,,,,1.5,4.0,5.0
cPDsewKb,1,True,,,,False,11349105,1688670000,boca-juniors-u20-huachipato-u20,False,"U20 CONMEBOL Libertadores, Group C",u20-conmebol-libertadores-group-c,South America,south-america,Football,football,1,1470,south-america,U20 CONMEBOL Libertadores,u20-conmebol-libertadores,South America,south-america,Football,football,1,1470,south-america,0,False,False,1074,False,False,0,16098,2.0,,,100,Ended,finished,Boca Juniors U20,boca-juniors-u20,Boca Juniors,Football,football,1,0,BOC,,0,72002,BR,Brazil,[],#52b030,#52b030,#ffffff,Huachipato U20,huachipato-u20,Huachipato,Football,football,1,0,HUA,,0,213554,,,[],#52b030,#52b030,#ffffff,1,1,1,0,1,0,0,0,0,0,4.0,5.0,1688676941,"['status.code', 'status.description', 'status.type', 'homeScore.period2', 'homeScore.normaltime', 'awayScore.period2', 'awayScore.normaltime', 'time.currentPeriodStart']",1688676944,,,1.0,2.0,,,,1.14,7.0,13.0
YODsOLEb,2,True,,,,False,11349106,1688680800,defensor-sporting-u20-palmeiras-u20,False,"U20 CONMEBOL Libertadores, Group C",u20-conmebol-libertadores-group-c,South America,south-america,Football,football,1,1470,south-america,U20 CONMEBOL Libertadores,u20-conmebol-libertadores,South America,south-america,Football,football,1,1470,south-america,0,False,False,1074,False,False,0,16098,2.0,,,100,Ended,finished,Defensor Sporting U20,defensor-sporting-u20,Def. Sporting,Football,football,1,0,DEF,False,0,71998,UY,Uruguay,[],#52b030,#52b030,#ffffff,Palmeiras U20,palmeiras-u20,Palmeiras,Football,football,1,0,PAL,False,0,199339,BR,Brazil,[],#52b030,#52b030,#ffffff,1,1,1,0,1,2,2,1,1,2,2.0,4.0,1688687574,"['time.currentPeriodStart', 'status.code', 'status.description', 'status.type', 'homeScore.period2', 'homeScore.normaltime', 'awayScore.period2', 'awayScore.normaltime']",1688687577,,,,,,,,3.2,3.5,1.91
FobsKob,1,True,True,,,False,11352067,1688596200,plaza-colonia-nacional,False,"Primera Division, Intermedio, Serie B",primera-division-intermedio-serie-b,Uruguay,uruguay,Football,football,1,57,uruguay,Primera División,primera-division,Uruguay,uruguay,Football,football,1,57,uruguay,0,False,False,278,False,False,0,59575,4.0,,,100,Ended,finished,Nacional,nacional,Nacional,Football,football,1,0,NAC,False,0,3230,UY,Uruguay,[],#52b030,#52b030,#ffffff,Plaza Colonia,plaza-colonia,Plaza Colonia,Football,football,1,0,PLA,False,0,3235,UY,Uruguay,[],#52b030,#52b030,#ffffff,4,4,1,3,4,1,1,0,1,1,2.0,,1688603588,"['homeScore.period2', 'homeScore.normaltime', 'awayScore.period2', 'awayScore.normaltime']",1688603927,UY,UY,,,,,,1.3,4.5,8.5
bqcshaec,2,False,,,,False,11404317,1688558400,hannover-96-ii-fc-schalke-04-ii,False,Club Friendly Games,club-friendly-games,World,world,Football,football,1,1468,international,Club Friendly Games,club-friendly-games,World,world,Football,football,1,1468,international,0,False,False,853,False,False,0,86,1.0,,,100,Ended,finished,FC Schalke 04 II,fc-schalke-04-ii,Schalke II,Football,football,1,0,S04,False,0,260007,DE,Germany,[],#52b030,#52b030,#ffffff,Hannover 96 II,hannover-96-ii,Hannover II,Football,football,1,0,H96,,0,5801,DE,Germany,[],#52b030,#52b030,#ffffff,1,1,0,1,1,3,3,0,3,3,,,1688565473,['time.currentPeriodStart'],1688565476,,,,,,,,2.5,3.8,2.2
pUslid,1,False,,,,False,11364317,1688562000,gks-jastrzebie-slezsky-fc-opava,False,Club Friendly Games,club-friendly-games,World,world,Football,football,1,1468,international,Club Friendly Games,club-friendly-games,World,world,Football,football,1,1468,international,0,False,False,853,False,False,0,86,1.0,,,100,Ended,finished,Slezský FC Opava,slezsky-fc-opava,Opava,Football,football,1,0,OPA,False,0,2215,CZ,Czech Republic,[],#52b030,#52b030,#ffffff,GKS Jastrzębie,gks-jastrzebie,GKS Jastrzębie,Football,football,1,0,JAS,,0,7911,PL,Poland,[],#52b030,#52b030,#ffffff,5,5,2,3,5,4,4,1,3,4,,,1688565480,"['status.code', 'status.description', 'status.type', 'homeScore.period2', 'homeScore.normaltime', 'awayScore.period2', 'awayScore.normaltime']",1688568268,,,,,,,,1.25,6.0,7.0
kUsdPb,1,False,,,,False,11364822,1688565600,dukla-banska-bystrica-fc-zbrojovka-brno,False,Club Friendly Games,club-friendly-games,World,world,Football,football,1,1468,international,Club Friendly Games,club-friendly-games,World,world,Football,football,1,1468,international,0,False,False,853,False,False,0,86,1.0,,,100,Ended,finished,FC Zbrojovka Brno,fc-zbrojovka-brno,Zbrojovka Brno,Football,football,1,0,BRN,,0,2210,CZ,Czech Republic,[],#52b030,#52b030,#ffffff,Dukla Banska Bystrica,dukla-banska-bystrica,Banská Bystrica,Football,football,1,0,DBB,,0,4503,SK,Slovakia,[],#52b030,#52b030,#ffffff,2,2,1,1,2,0,0,0,0,0,,,1688569200,"['status.code', 'status.description', 'status.type', 'homeScore.period2', 'homeScore.normaltime', 'awayScore.period2']",1688571927,,,,,,,,2.75,3.4,2.2
eUsbYb,1,False,,,,False,11341571,1688567400,cracovia-banik-ostrava,False,Club Friendly Games,club-friendly-games,World,world,Football,football,1,1468,international,Club Friendly Games,club-friendly-games,World,world,Football,football,1,1468,international,0,False,False,853,False,False,0,86,1.0,,,100,Ended,finished,Baník Ostrava,banik-ostrava,Baník,Football,football,1,0,BAN,,0,2204,CZ,Czech Republic,[],#52b030,#52b030,#ffffff,Cracovia,cracovia,Cracovia,Football,football,1,0,CRA,False,0,4901,PL,Poland,[],#52b030,#52b030,#ffffff,1,1,1,0,1,0,0,0,0,0,,,1688573100,"['status.code', 'status.description', 'status.type', 'homeScore.period2', 'awayScore.period2', 'time.currentPeriodStart']",1688573139,,,,,,,,2.25,3.4,2.62
dUsKfd,1,False,,,,False,11364824,1688569200,floridsdorfer-ac-austria-wien,False,Club Friendly Games,club-friendly-games,World,world,Football,football,1,1468,international,Club Friendly Games,club-friendly-games,World,world,Football,football,1,1468,international,0,False,False,853,False,False,0,86,,,,100,Ended,finished,Austria Wien,austria-wien,Austria Wien,Football,football,1,0,FAK,False,0,2203,AT,Austria,[],#52b030,#52b030,#ffffff,Floridsdorfer AC,floridsdorfer-ac,FAC,Football,football,1,0,FAC,,0,7785,AT,Austria,[],#52b030,#52b030,#ffffff,2,2,2,0,2,0,0,0,0,0,,,1688572440,"['status.code', 'status.description', 'status.type', 'homeScore.period2', 'awayScore.period2']",1688575166,,,,,,,,1.29,4.8,7.5
Rpbsfqb,1,True,,,,False,11406182,1688569200,dynamo-kyiv-fc-dinamo-bucuresti,False,Club Friendly Games,club-friendly-games,World,world,Football,football,1,1468,international,Club Friendly Games,club-friendly-games,World,world,Football,football,1,1468,international,0,False,False,853,False,False,0,86,1.0,,,100,Ended,finished,Dynamo Kyiv,dynamo-kyiv,Dynamo Kyiv,Football,football,1,0,DYK,False,0,3305,UA,Ukraine,[],#52b030,#52b030,#ffffff,FC Dinamo București,fc-dinamo-bucuresti,Dinamo București,Football,football,1,0,DIN,False,0,3292,RO,Romania,[],#52b030,#52b030,#ffffff,4,4,2,2,4,1,1,1,0,1,,,1688574000,"['status.code', 'status.description', 'status.type', 'homeScore.period2', 'homeScore.normaltime', 'awayScore.period2']",1688576780,,,,,,,,4.33,3.75,1.62
txFbsKTHb,3,False,,,,False,11398788,1688569200,iii-keruleti-tve-fc-hatvan,False,Club Friendly Games,club-friendly-games,World,world,Football,football,1,1468,international,Club Friendly Games,club-friendly-games,World,world,Football,football,1,1468,international,0,False,False,853,False,False,0,86,,,,100,Ended,finished,FC Hatvan,fc-hatvan,FC Hatvan,Football,football,1,0,HAT,False,0,201118,HU,Hungary,[],#52b030,#52b030,#ffffff,III. Kerületi TVE,iii-keruleti-tve,III. Kerületi TVE,Football,football,1,0,KET,,0,207185,HU,Hungary,[],#52b030,#52b030,#ffffff,1,1,1,0,1,1,1,0,1,1,,,1688575173,"['status.code', 'status.description', 'status.type', 'homeScore.period2', 'homeScore.normaltime', 'awayScore.period2', 'awayScore.normaltime', 'time.currentPeriodStart']",1688575175,,,,,,,,3.25,4.0,1.8
kmksWRgc,1,False,,,,False,11403106,1688569200,fc-nagykanizsa-mosonmagyarovari-te,False,Club Friendly Games,club-friendly-games,World,world,Football,football,1,1468,international,Club Friendly Games,club-friendly-games,World,world,Football,football,1,1468,international,0,False,False,853,False,False,0,86,,,,100,Ended,finished,FC Nagykanizsa,fc-nagykanizsa,Nagykanizsa,Football,football,1,0,NAG,False,0,267146,HU,Hungary,[],#52b030,#52b030,#ffffff,Mosonmagyaróvári TE,mosonmagyarovari-te,MTE,Football,football,1,0,MOS,,0,25610,HU,Hungary,[],#52b030,#52b030,#ffffff,1,1,0,1,1,0,0,0,0,0,,,1688575454,"['time.currentPeriodStart', 'status.code', 'status.description', 'status.type', 'homeScore.period2', 'homeScore.normaltime', 'awayScore.period2', 'awayScore.normaltime']",1688575458,,,,,,,,3.0,3.75,1.95
LoksqQFb,3,False,,,,False,11405738,1688569200,fk-novi-pazar-fk-zvijezda-09,False,Club Friendly Games,club-friendly-games,World,world,Football,football,1,1468,international,Club Friendly Games,club-friendly-games,World,world,Football,football,1,1468,international,0,False,False,853,False,False,0,86,,,,100,Ended,finished,FK Novi Pazar,fk-novi-pazar,Novi Pazar,Football,football,1,0,NPA,False,0,25736,RS,Serbia,[],#52b030,#52b030,#ffffff,FK Zvijezda 09,fk-zvijezda-09,Zvijezda 09,Football,football,1,0,Z09,,0,202066,BA,Bosnia & Herzegovina,[],#52b030,#52b030,#ffffff,1,1,1,0,1,1,1,1,0,1,,,1688561646,"['status.code', 'status.description', 'status.type', 'homeScore.period2', 'homeScore.normaltime', 'awayScore.period2', 'awayScore.normaltime', 'time.currentPeriodStart']",1688561648,,,,,,,,1.4,5.0,5.0
mYsqY,1,False,,,,False,11406300,1688569200,nk-olimpija-ljubljana-rudar-velenje,False,Club Friendly Games,club-friendly-games,World,world,Football,football,1,1468,international,Club Friendly Games,club-friendly-games,World,world,Football,football,1,1468,international,0,False,False,853,False,False,0,86,1.0,,,100,Ended,finished,NK Olimpija Ljubljana,nk-olimpija-ljubljana,Olimpija,Football,football,1,0,OLI,False,0,2416,SI,Slovenia,[],#52b030,#52b030,#ffffff,Rudar Velenje,rudar-velenje,Rudar,Football,football,1,0,RUD,,0,2412,SI,Slovenia,[],#52b030,#52b030,#ffffff,4,4,2,2,4,1,1,0,1,1,,,1688575844,"['time.currentPeriodStart', 'status.code', 'status.description', 'status.type', 'homeScore.period2', 'homeScore.normaltime', 'awayScore.period2', 'awayScore.normaltime']",1688575848,,,,,,,,1.25,5.5,7.0
wsgdcc,1,False,,,,False,11364830,1688569200,fc-brunos-magpies-preston-north-end,False,Club Friendly Games,club-friendly-games,World,world,Football,football,1,1468,international,Club Friendly Games,club-friendly-games,World,world,Football,football,1,1468,international,0,False,False,853,False,False,0,86,1.0,,,100,Ended,finished,Preston North End,preston-north-end,Preston,Football,football,1,0,PNE,,0,21,EN,England,[],#52b030,#52b030,#ffffff,FC Bruno's Magpies,fc-brunos-magpies,FC Bruno's Magpies,Football,football,1,0,FCB,,0,255156,GI,Gibraltar,[],#52b030,#52b030,#ffffff,3,3,0,3,3,0,0,0,0,0,,,1688573160,"['status.code', 'status.description', 'status.type', 'homeScore.period2', 'homeScore.normaltime', 'awayScore.period2']",1688575879,,,,,,,,1.07,11.0,21.0
uRsXdc,1,False,,,,False,11401712,1688569200,maccabi-haifa-skn-st-polten,False,Club Friendly Games,club-friendly-games,World,world,Football,football,1,1468,international,Club Friendly Games,club-friendly-games,World,world,Football,football,1,1468,international,0,False,False,853,False,False,0,86,1.0,,,100,Ended,finished,SKN St. Pölten,skn-st-polten,St. Pölten,Football,football,1,0,SKN,,0,2119,AT,Austria,[],#52b030,#52b030,#ffffff,Maccabi Haifa,maccabi-haifa,M. Haifa,Football,football,1,0,MAH,False,0,5197,IL,Israel,[],#52b030,#52b030,#ffffff,1,1,1,0,1,0,0,0,0,0,,,1688577000,"['status.code', 'status.description', 'status.type', 'homeScore.period2', 'awayScore.period2', 'time.currentPeriodStart']",1688577058,,,,,,,,3.75,3.8,1.73
bEjsLzp,3,False,,,,False,11364798,1688569200,wisla-pulawy-mfk-karvina,False,Club Friendly Games,club-friendly-games,World,world,Football,football,1,1468,international,Club Friendly Games,club-friendly-games,World,world,Football,football,1,1468,international,0,False,False,853,False,False,0,86,1.0,,,100,Ended,finished,Wisła Puławy,wisla-pulawy,Wisła Puławy,Football,football,1,0,WPU,False,0,38736,PL,Poland,[],#52b030,#52b030,#ffffff,MFK Karviná,mfk-karvina,Karviná,Football,football,1,0,KAR,False,0,23951,CZ,Czech Republic,[],#52b030,#52b030,#ffffff,2,2,2,0,2,2,2,1,1,2,,,1688572560,"['status.code', 'status.description', 'status.type', 'homeScore.period2', 'awayScore.period2', 'awayScore.normaltime']",1688575389,,,,,,,,4.33,3.75,1.62
zddsEkk,3,False,,,,False,11401524,1688571000,fk-napredak-krusevac-nk-istra-1961,False,Club Friendly Games,club-friendly-games,World,world,Football,football,1,1468,international,Club Friendly Games,club-friendly-games,World,world,Football,football,1,1468,international,0,False,False,853,False,False,0,86,,,,100,Ended,finished,FK Napredak Kruševac,fk-napredak-krusevac,Napredak,Football,football,1,0,NAP,False,0,7674,RS,Serbia,[],#52b030,#52b030,#ffffff,NK Istra 1961,nk-istra-1961,Istra,Football,football,1,0,IST,False,0,25529,HR,Croatia,[],#52b030,#52b030,#ffffff,1,1,1,0,1,1,1,1,0,1,,,1688574540,"['status.code', 'status.description', 'status.type', 'homeScore.period2', 'awayScore.period2']",1688577273,,,,,,,,2.9,3.4,2.1
Qpbsadc,3,False,,,,False,11406301,1688571000,fk-vojvodina-sc-otelul-galati,False,Club Friendly Games,club-friendly-games,World,world,Football,football,1,1468,international,Club Friendly Games,club-friendly-games,World,world,Football,football,1,1468,international,0,False,False,853,False,False,0,86,1.0,,,100,Ended,finished,SC Oțelul Galați,sc-otelul-galati,Oțelul Galați,Football,football,1,0,OTE,False,0,3291,RO,Romania,[],#52b030,#52b030,#ffffff,FK Vojvodina,fk-vojvodina,Vojvodina,Football,football,1,0,VOJ,False,0,5150,RS,Serbia,[],#52b030,#52b030,#ffffff,2,2,1,1,2,2,2,0,2,2,,,1688574780,"['status.code', 'status.description', 'status.type', 'homeScore.period2', 'homeScore.normaltime', 'awayScore.period2', 'awayScore.normaltime']",1688577562,,,,,,,,3.1,3.4,2.0
rbbsIdb,1,False,,,,False,11364758,1688571000,sc-fortuna-koln-ssv-jahn-regensburg,False,Club Friendly Games,club-friendly-games,World,world,Football,football,1,1468,international,Club Friendly Games,club-friendly-games,World,world,Football,football,1,1468,international,0,False,False,853,False,False,0,86,1.0,,,100,Ended,finished,SSV Jahn Regensburg,ssv-jahn-regensburg,Regensburg,Football,football,1,0,JAH,False,0,2567,DE,Germany,[],#52b030,#52b030,#ffffff,SC Fortuna Köln,sc-fortuna-koln,Fortuna Köln,Football,football,1,0,FOR,False,0,2683,DE,Germany,[],#52b030,#52b030,#ffffff,2,2,0,2,2,1,1,1,0,1,,,1688574780,"['status.code', 'status.description', 'status.type', 'homeScore.period2', 'homeScore.normaltime', 'awayScore.period2']",1688577582,,,,,,,,1.53,4.33,4.33
eYsditc,1,True,,,,False,11343610,1688571000,fc-rapid-bucuresti-sk-slovan-bratislava,False,Club Friendly Games,club-friendly-games,World,world,Football,football,1,1468,international,Club Friendly Games,club-friendly-games,World,world,Football,football,1,1468,international,0,False,False,853,False,False,0,86,1.0,,,100,Ended,finished,ŠK Slovan Bratislava,sk-slovan-bratislava,Slovan,Football,football,1,0,SLO,,0,2404,SK,Slovakia,[],#52b030,#52b030,#ffffff,FC Rapid București,fc-rapid-bucuresti,Rapid București,Football,football,1,0,RAP,False,0,295403,RO,Romania,[],#52b030,#52b030,#ffffff,4,4,1,3,4,1,1,0,1,1,,,1688574360,"['status.code', 'status.description', 'status.type', 'homeScore.period2', 'homeScore.normaltime', 'awayScore.period2', 'awayScore.normaltime']",1688577125,,,,,,,,2.1,3.4,2.9
rQsPec,1,False,,,,False,11404420,1688572800,fk-zeljeznicar-kapfenberger-sv,False,Club Friendly Games,club-friendly-games,World,world,Football,football,1,1468,international,Club Friendly Games,club-friendly-games,World,world,Football,football,1,1468,international,0,False,False,853,False,False,0,86,1.0,,,100,Ended,finished,FK Željezničar,fk-zeljeznicar,Željezničar,Football,football,1,0,ZES,False,0,5240,BA,Bosnia & Herzegovina,[],#52b030,#52b030,#ffffff,Kapfenberger SV,kapfenberger-sv,KSV 1919,Football,football,1,0,KSV,,0,2067,AT,Austria,[],#52b030,#52b030,#ffffff,2,2,1,1,2,0,0,0,0,0,,,1688576460,"['status.code', 'status.description', 'status.type', 'homeScore.period2', 'homeScore.normaltime', 'awayScore.period2']",1688579219,,,,,,,,1.73,3.75,3.75
AQsyab,3,False,,,,False,11367848,1688572800,1-fc-nurnberg-tsv-hartberg,False,Club Friendly Games,club-friendly-games,World,world,Football,football,1,1468,international,Club Friendly Games,club-friendly-games,World,world,Football,football,1,1468,international,0,False,False,853,False,False,0,86,1.0,,,100,Ended,finished,TSV Hartberg,tsv-hartberg,Hartberg,Football,football,1,0,HTB,,0,2075,AT,Austria,[],#52b030,#52b030,#ffffff,1. FC Nürnberg,1-fc-nurnberg,Nürnberg,Football,football,1,0,FCN,False,0,2523,DE,Germany,[],#52b030,#52b030,#ffffff,2,2,1,1,2,2,2,0,2,2,,,1688576340,"['status.code', 'status.description', 'status.type', 'homeScore.period2', 'homeScore.normaltime', 'awayScore.period2', 'awayScore.normaltime']",1688579069,,,,,,,,2.4,3.6,2.4
bpbsbqb,3,False,,,,False,11364832,1688574600,fcsb-paok,False,Club Friendly Games,club-friendly-games,World,world,Football,football,1,1468,international,Club Friendly Games,club-friendly-games,World,world,Football,football,1,1468,international,0,False,False,853,False,False,0,86,1.0,,,100,Ended,finished,FCSB,fcsb,FCSB,Football,football,1,0,FCSB,False,0,3301,RO,Romania,[],#52b030,#52b030,#ffffff,PAOK,paok,PAOK,Football,football,1,0,PAOK,False,0,3251,GR,Greece,[],#52b030,#52b030,#ffffff,1,1,1,0,1,1,1,0,1,1,,,1688581410,"['time.currentPeriodStart', 'status.code', 'status.description', 'status.code', 'status.description']",1688581413,,,,,,,,2.6,3.2,2.4
LbbsGid,1,False,,,,False,11403110,1688574600,fortuna-dusseldorf-ii-kickers-offenbach,False,Club Friendly Games,club-friendly-games,World,world,Football,football,1,1468,international,Club Friendly Games,club-friendly-games,World,world,Football,football,1,1468,international,0,False,False,853,False,False,0,86,1.0,,,100,Ended,finished,Kickers Offenbach,kickers-offenbach,Offenbach,Football,football,1,0,OFC,,0,2586,DE,Germany,[],#52b030,#52b030,#ffffff,Fortuna Düsseldorf II,fortuna-dusseldorf-ii,Düsseldorf II,Football,football,1,0,FOD,,0,7931,DE,Germany,[],#52b030,#52b030,#ffffff,3,3,3,0,3,1,1,0,1,1,,,1688578500,"['status.code', 'status.description', 'status.type', 'homeScore.period2', 'awayScore.period2', 'awayScore.normaltime']",1688581239,,,,,,,,1.75,4.0,3.4
fPbsmyqb,2,False,,,,False,11364794,1688576400,wuppertaler-sv-asc-dortmund,False,Club Friendly Games,club-friendly-games,World,world,Football,football,1,1468,international,Club Friendly Games,club-friendly-games,World,world,Football,football,1,1468,international,0,False,False,853,False,False,0,86,1.0,,,100,Ended,finished,ASC Dortmund,asc-dortmund,09 Dortmund,Football,football,1,0,ASC,,0,166162,DE,Germany,[],#52b030,#52b030,#ffffff,Wuppertaler SV,wuppertaler-sv,Wuppertal,Football,football,1,0,WUP,,0,4505,DE,Germany,[],#52b030,#52b030,#ffffff,4,4,4,0,4,6,6,5,1,6,,,1688580060,"['status.code', 'status.description', 'status.type', 'homeScore.period2', 'awayScore.period2', 'awayScore.normaltime']",1688582772,,,,,,,,6.0,4.33,1.4
Ckwsjbkc,1,False,,,,False,11388536,1688576400,viktoria-berlin-eintracht-mahlsdorf,False,Club Friendly Games,club-friendly-games,World,world,Football,football,1,1468,international,Club Friendly Games,club-friendly-games,World,world,Football,football,1,1468,international,0,False,False,853,False,False,0,86,,,,100,Ended,finished,Eintracht Mahlsdorf,eintracht-mahlsdorf,Eintracht Mahlsdorf,Football,football,1,0,EMA,,0,275059,DE,Germany,[],#52b030,#52b030,#ffffff,Viktoria Berlin,viktoria-berlin,Viktoria Berlin,Football,football,1,0,VBE,,0,53027,DE,Germany,[],#52b030,#52b030,#ffffff,1,1,0,1,1,0,0,0,0,0,,,1688582866,"['homeScore.period2', 'homeScore.normaltime', 'awayScore.period2', 'awayScore.normaltime']",1688583511,,,,,,,,4.5,4.4,1.5
iXbsuJGb,1,False,,,,False,11364828,1688576400,kv-kortrijk-rwd-molenbeek,False,Club Friendly Games,club-friendly-games,World,world,Football,football,1,1468,international,Club Friendly Games,club-friendly-games,World,world,Football,football,1,1468,international,0,False,False,853,False,False,0,86,1.0,,,100,Ended,finished,KV Kortrijk,kv-kortrijk,Kortrijk,Football,football,1,0,KOR,,0,4858,BE,Belgium,[],#52b030,#52b030,#ffffff,RWD Molenbeek,rwd-molenbeek,RWD Molenbeek,Football,football,1,0,MOL,,0,204219,BE,Belgium,[],#52b030,#52b030,#ffffff,2,2,1,1,2,1,1,0,1,1,,,1688582929,"['status.code', 'status.description', 'status.type', 'homeScore.period2', 'homeScore.normaltime', 'awayScore.period2', 'awayScore.normaltime', 'time.currentPeriodStart']",1688582933,,,,,,,,2.2,3.6,2.62
AqcsMrQb,3,False,,,,False,11343612,1688576400,fk-pirmasens-sv-morlautern,False,Club Friendly Games,club-friendly-games,World,world,Football,football,1,1468,international,Club Friendly Games,club-friendly-games,World,world,Football,football,1,1468,international,0,False,False,853,False,False,0,86,1.0,,,100,Ended,finished,SV Morlautern,sv-morlautern,SV Morlautern,Football,football,1,0,MOL,,0,228387,DE,Germany,[],#52b030,#52b030,#ffffff,FK Pirmasens,fk-pirmasens,Pirmasens,Football,football,1,0,FKP,,0,5825,DE,Germany,[],#52b030,#52b030,#ffffff,3,3,0,3,3,3,3,0,3,3,,,1688580300,"['status.code', 'status.description', 'status.type', 'homeScore.period2', 'homeScore.normaltime', 'awayScore.period2', 'awayScore.normaltime']",1688583195,,,,,,,,3.8,3.75,1.73
dRsqvqc,3,False,,,,False,11404316,1688576400,usv-weindorf-st-anna-am-aigen-sturm-graz-ii,False,Club Friendly Games,club-friendly-games,World,world,Football,football,1,1468,international,Club Friendly Games,club-friendly-games,World,world,Football,football,1,1468,international,0,False,False,853,False,False,0,86,1.0,,,100,Ended,finished,USV Weindorf St. Anna am Aigen,usv-weindorf-st-anna-am-aigen,Weindorf St Anna,Football,football,1,0,USV,False,0,291016,AT,Austria,[],#52b030,#52b030,#ffffff,Sturm Graz II,sturm-graz-ii,Sturm II,Football,football,1,0,STU,,0,2103,AT,Austria,[],#52b030,#52b030,#ffffff,4,4,3,1,4,4,4,2,2,4,,,1688582387,"['status.code', 'status.description', 'status.type', 'homeScore.period2', 'homeScore.normaltime', 'awayScore.period2', 'awayScore.normaltime', 'time.currentPeriodStart']",1688582390,,,,,,,,2.8,4.2,1.91
Wbsllb,2,False,True,True,1.0,False,11388537,1688578200,hull-city-galatasaray,False,Club Friendly Games,club-friendly-games,World,world,Football,football,1,1468,international,Club Friendly Games,club-friendly-games,World,world,Football,football,1,1468,international,0,False,False,853,False,False,0,86,,,,100,Ended,finished,Galatasaray,galatasaray,Galatasaray,Football,football,1,0,GAL,False,0,3061,TR,Turkey,[],#52b030,#52b030,#ffffff,Hull City,hull-city,Hull,Football,football,1,0,HUL,,0,96,EN,England,[],#52b030,#52b030,#ffffff,3,3,3,0,3,4,4,1,3,4,1.0,4.0,1688582864,"['status.code', 'status.description', 'status.type']",1688585885,,,,,,,,1.53,4.0,4.75
XoFsGtrc,3,False,,,,False,11400545,1688578200,ratingen-0419-spvg-frechen-20,False,Club Friendly Games,club-friendly-games,World,world,Football,football,1,1468,international,Club Friendly Games,club-friendly-games,World,world,Football,football,1,1468,international,0,False,False,853,False,False,0,86,,,,100,Ended,finished,Ratingen 04/19,ratingen-0419,Ratingen,Football,football,1,0,RAG,,0,75747,DE,Germany,[],#52b030,#52b030,#ffffff,SPVG Frechen 20,spvg-frechen-20,Frechen 20,Football,football,1,0,SPV,,0,293431,DE,Germany,[],#52b030,#52b030,#ffffff,1,1,1,0,1,1,1,0,1,1,,,1688584619,"['time.currentPeriodStart', 'status.code', 'status.description', 'status.type', 'homeScore.period2', 'homeScore.normaltime', 'awayScore.period2', 'awayScore.normaltime']",1688584623,,,,,,,,1.8,3.6,3.6
KpcsAfF,1,False,,,,False,11400582,1688580000,sv-rot-weiss-hadamar-sc-waldgirmes,False,Club Friendly Games,club-friendly-games,World,world,Football,football,1,1468,international,Club Friendly Games,club-friendly-games,World,world,Football,football,1,1468,international,0,False,False,853,False,False,0,86,,,,100,Ended,finished,SC Waldgirmes,sc-waldgirmes,Waldgirmes,Football,football,1,0,WAL,False,0,5785,DE,Germany,[],#52b030,#52b030,#ffffff,SV Rot-Weiß Hadamar,sv-rot-weiss-hadamar,RW Hadamar,Football,football,1,0,RWH,,0,75275,DE,Germany,[],#52b030,#52b030,#ffffff,4,4,3,1,4,2,2,1,1,2,,,1688586739,"['time.currentPeriodStart', 'status.code', 'status.description', 'status.type', 'homeScore.period2', 'homeScore.normaltime', 'awayScore.period2', 'awayScore.normaltime']",1688586744,,,,,,,,1.4,4.5,5.5
zsrEo,3,False,,,,False,11327963,1688581800,boreham-wood-watford,False,Club Friendly Games,club-friendly-games,World,world,Football,football,1,1468,international,Club Friendly Games,club-friendly-games,World,world,Football,football,1,1468,international,0,False,False,853,False,False,0,86,1.0,,,100,Ended,finished,Boreham Wood,boreham-wood,Boreham,Football,football,1,0,BOR,,0,36467,EN,England,[],#52b030,#52b030,#ffffff,Watford,watford,Watford,Football,football,1,0,WAT,False,0,24,EN,England,[],#52b030,#52b030,#ffffff,0,0,0,0,0,0,0,0,0,0,,,1688585460,"['status.code', 'status.description', 'status.type', 'homeScore.period2', 'awayScore.period2']",1688588236,,,,,,,,5.25,4.33,1.44
hXswnb,2,False,,,,False,11397474,1688581800,bray-wanderers-dundee-fc,False,Club Friendly Games,club-friendly-games,World,world,Football,football,1,1468,international,Club Friendly Games,club-friendly-games,World,world,Football,football,1,1468,international,0,False,False,853,False,False,0,86,1.0,,,100,Ended,finished,Bray Wanderers,bray-wanderers,Bray Wanderers,Football,football,1,0,BRA,,0,3171,IE,Ireland,[],#52b030,#52b030,#ffffff,Dundee FC,dundee-fc,Dundee,Football,football,1,0,DUN,False,0,2357,SX,Scotland,[],#52b030,#52b030,#ffffff,1,1,1,0,1,5,5,3,2,5,,,1688585460,"['status.code', 'status.description', 'status.type', 'homeScore.period2', 'awayScore.period2', 'awayScore.normaltime']",1688588250,,,,,,,,5.0,4.5,1.44
dbsjwn,2,False,,,,False,11343608,1688582700,swindon-town-swindon-supermarine,False,Club Friendly Games,club-friendly-games,World,world,Football,football,1,1468,international,Club Friendly Games,club-friendly-games,World,world,Football,football,1,1468,international,0,False,False,853,False,False,0,86,1.0,,,100,Ended,finished,Swindon Supermarine,swindon-supermarine,Swindon,Football,football,1,0,SWI,,0,33559,EN,England,[],#52b030,#52b030,#ffffff,Swindon Town,swindon-town,Swindon,Football,football,1,0,SWI,False,0,53,EN,England,[],#52b030,#52b030,#ffffff,0,0,0,0,0,2,2,1,1,2,,,1688586480,"['status.code', 'status.description', 'status.type', 'homeScore.period2', 'awayScore.period2', 'awayScore.normaltime']",1688589408,,,,,,,,6.5,6.5,1.25
aZslZ,1,False,,,,False,11356914,1688641200,schaffhausen-fc-zurich,False,Club Friendly Games,club-friendly-games,World,world,Football,football,1,1468,international,Club Friendly Games,club-friendly-games,World,world,Football,football,1,1468,international,0,False,False,853,False,False,0,86,1.0,,,100,Ended,finished,FC Zürich,fc-zurich,Zürich,Football,football,1,0,FCZ,,0,2450,CH,Switzerland,[],#52b030,#52b030,#ffffff,Schaffhausen,schaffhausen,Schaffhausen,Football,football,1,0,SAF,,0,2461,CH,Switzerland,[],#52b030,#52b030,#ffffff,5,5,2,3,5,1,1,1,0,1,,,1688645160,"['status.code', 'status.description', 'status.type', 'homeScore.period2', 'homeScore.normaltime', 'awayScore.period2']",1688648195,,,,,,,,1.53,4.5,4.2
eqpsGEr,3,False,,,,False,11407280,1688648400,fk-radnicki-1923-balzanc,False,Club Friendly Games,club-friendly-games,World,world,Football,football,1,1468,international,Club Friendly Games,club-friendly-games,World,world,Football,football,1,1468,international,0,False,False,853,False,False,0,86,,,,100,Ended,finished,FK Radnički 1923,fk-radnicki-1923,Radnički 1923,Football,football,1,0,RAD,False,0,43981,RS,Serbia,[],#52b030,#52b030,#ffffff,Balzan F.C.,balzan-fc,Balzan,Football,football,1,0,BAL,,0,38304,MT,Malta,[],#52b030,#52b030,#ffffff,1,1,0,1,1,1,1,0,1,1,,,1688654765,"['status.code', 'status.description', 'status.type', 'homeScore.period2', 'homeScore.normaltime', 'awayScore.period2', 'awayScore.normaltime', 'time.currentPeriodStart']",1688654768,,,,,,,,1.25,5.5,7.5
YhbsUOb,2,False,,,,False,11406307,1688648400,kv-oostende-rc-sporting-charleroi,False,Club Friendly Games,club-friendly-games,World,world,Football,football,1,1468,international,Club Friendly Games,club-friendly-games,World,world,Football,football,1,1468,international,0,False,False,853,False,False,0,86,1.0,,,100,Ended,finished,KV Oostende,kv-oostende,Oostende,Football,football,1,0,OOS,,0,4494,BE,Belgium,[],#52b030,#52b030,#ffffff,RC Sporting Charleroi,rc-sporting-charleroi,Charleroi,Football,football,1,0,RCH,,0,2898,BE,Belgium,[],#52b030,#52b030,#ffffff,1,1,1,0,1,3,3,0,3,3,,,1688655188,"['status.code', 'status.description', 'status.type', 'homeScore.period2', 'homeScore.normaltime', 'awayScore.period2', 'awayScore.normaltime', 'time.currentPeriodStart']",1688655191,,,,,,,,3.5,3.6,1.8
cdcsowc,1,False,,,,False,11405936,1688652000,bohemians-praha-1905-fk-partizan,False,Club Friendly Games,club-friendly-games,World,world,Football,football,1,1468,international,Club Friendly Games,club-friendly-games,World,world,Football,football,1,1468,international,0,False,False,853,False,False,0,86,1.0,,,100,Ended,finished,Bohemians Praha 1905,bohemians-praha-1905,Bohemians,Football,football,1,0,BOH,,0,6064,CZ,Czech Republic,[],#52b030,#52b030,#ffffff,FK Partizan,fk-partizan,Partizan,Football,football,1,0,PAR,False,0,5152,RS,Serbia,[],#52b030,#52b030,#ffffff,2,2,1,1,2,0,0,0,0,0,,,1688658459,"['status.code', 'status.description', 'status.type', 'homeScore.period2', 'homeScore.normaltime', 'awayScore.period2', 'awayScore.normaltime', 'time.currentPeriodStart']",1688658461,,,,,,,,2.75,4.0,2.0
RPsuvo,3,True,,,,False,11378962,1688655600,fk-mornar-bar-nk-slaven-belupo,False,Club Friendly Games,club-friendly-games,World,world,Football,football,1,1468,international,Club Friendly Games,club-friendly-games,World,world,Football,football,1,1468,international,0,False,False,853,False,False,0,86,1.0,,,100,Ended,finished,FK Mornar Bar,fk-mornar-bar,FK Mornar,Football,football,1,0,MBA,,0,36019,ME,Montenegro,[],#52b030,#52b030,#ffffff,NK Slaven Belupo,nk-slaven-belupo,Slaven,Football,football,1,0,SLA,False,0,2042,HR,Croatia,[],#52b030,#52b030,#ffffff,1,1,0,1,1,1,1,0,1,1,,,1688661818,"['status.code', 'status.description', 'status.type', 'homeScore.period2', 'homeScore.normaltime', 'awayScore.period2', 'awayScore.normaltime', 'time.currentPeriodStart']",1688661821,,,,,,,,7.0,4.0,1.4
dbbsZEE,1,False,,,,False,11390650,1688655600,aez-zakakiou-karlsruher-sc,False,Club Friendly Games,club-friendly-games,World,world,Football,football,1,1468,international,Club Friendly Games,club-friendly-games,World,world,Football,football,1,1468,international,0,False,False,853,False,False,0,86,1.0,,,100,Ended,finished,Karlsruher SC,karlsruher-sc,Karlsruhe,Football,football,1,0,KSC,False,0,2553,DE,Germany,[],#52b030,#52b030,#ffffff,AEZ Zakakiou,aez-zakakiou,AEZ,Football,football,1,0,ZAK,,0,73999,CY,Cyprus,[],#52b030,#52b030,#ffffff,6,6,0,6,6,0,0,0,0,0,,,1688662059,"['status.code', 'status.description', 'status.type', 'homeScore.period2', 'homeScore.normaltime', 'awayScore.period2', 'awayScore.normaltime', 'time.currentPeriodStart']",1688662064,,,,,,,,1.12,8.0,13.0
obcstid,2,False,,,,False,11350838,1688655600,piast-gliwice-mzks-arka-gdynia,False,Club Friendly Games,club-friendly-games,World,world,Football,football,1,1468,international,Club Friendly Games,club-friendly-games,World,world,Football,football,1,1468,international,0,False,False,853,False,False,0,86,1.0,,,100,Ended,finished,MZKS Arka Gdynia,mzks-arka-gdynia,Arka,Football,football,1,0,ARK,,0,5064,PL,Poland,[],#52b030,#52b030,#ffffff,Piast Gliwice,piast-gliwice,Piast,Football,football,1,0,PGL,,0,7918,PL,Poland,[],#52b030,#52b030,#ffffff,2,2,1,1,2,3,3,2,1,3,,,1688661909,['cardsCode'],1688662035,,,,,,,,4.75,3.75,1.57
zddsBeo,2,False,,,,False,11407532,1688657400,fk-napredak-krusevac-nk-rudes,False,Club Friendly Games,club-friendly-games,World,world,Football,football,1,1468,international,Club Friendly Games,club-friendly-games,World,world,Football,football,1,1468,international,0,False,False,853,False,False,0,86,,,,100,Ended,finished,FK Napredak Kruševac,fk-napredak-krusevac,Napredak,Football,football,1,0,NAP,False,0,7674,RS,Serbia,[],#52b030,#52b030,#ffffff,NK Rudeš,nk-rudes,Rudeš,Football,football,1,0,RUD,False,0,35226,HR,Croatia,[],#52b030,#52b030,#ffffff,0,0,0,0,0,1,1,0,1,1,,,1688663598,"['status.code', 'status.description', 'status.type', 'homeScore.period2', 'homeScore.normaltime', 'awayScore.period2', 'awayScore.normaltime', 'time.currentPeriodStart']",1688663600,,,,,,,,2.05,3.5,3.0
aVosmPPb,1,False,,,,False,11404793,1688658600,igman-konjic-fk-tuzla-city,False,Club Friendly Games,club-friendly-games,World,world,Football,football,1,1468,international,Club Friendly Games,club-friendly-games,World,world,Football,football,1,1468,international,0,False,False,853,False,False,0,86,,,,100,Ended,finished,FK Tuzla City,fk-tuzla-city,Tuzla,Football,football,1,0,TUZ,,0,227012,BA,Bosnia & Herzegovina,[],#52b030,#52b030,#ffffff,Igman Konjic,igman-konjic,Igman,Football,football,1,0,IGK,False,0,37250,BA,Bosnia & Herzegovina,[],#52b030,#52b030,#ffffff,1,1,0,1,1,0,0,0,0,0,,,1688664903,"['status.code', 'status.description', 'status.type', 'homeScore.period2', 'homeScore.normaltime', 'awayScore.period2', 'awayScore.normaltime', 'time.currentPeriodStart']",1688664905,,,,,,,,2.4,3.6,2.4
Fabsgyc,3,False,,,,False,11331878,1688659200,1-fc-bocholt-fc-schalke-04,False,Club Friendly Games,club-friendly-games,World,world,Football,football,1,1468,international,Club Friendly Games,club-friendly-games,World,world,Football,football,1,1468,international,0,False,False,853,False,False,0,86,1.0,,,100,Ended,finished,1. FC Bocholt,1-fc-bocholt,Bocholt,Football,football,1,0,FCB,,0,6156,DE,Germany,[],#52b030,#52b030,#ffffff,FC Schalke 04,fc-schalke-04,Schalke,Football,football,1,0,SCH,False,0,2530,DE,Germany,[],#52b030,#52b030,#ffffff,2,2,2,0,2,2,2,2,0,2,,,1688663340,"['status.code', 'status.description', 'status.type', 'homeScore.period2', 'awayScore.period2']",1688666106,,,,,,,,10.0,8.0,1.12
jdcswfd,1,False,,,,False,11411228,1688659200,fk-mladost-lucani-fk-vozdovac,False,Club Friendly Games,club-friendly-games,World,world,Football,football,1,1468,international,Club Friendly Games,club-friendly-games,World,world,Football,football,1,1468,international,0,False,False,853,False,False,0,86,1.0,,,100,Ended,finished,FK Mladost Lučani,fk-mladost-lucani,Mladost,Football,football,1,0,MLL,,0,7771,RS,Serbia,[],#52b030,#52b030,#ffffff,FK Voždovac,fk-vozdovac,Voždovac,Football,football,1,0,VOZ,False,0,5159,RS,Serbia,[],#52b030,#52b030,#ffffff,2,2,1,1,2,1,1,1,0,1,,,1688662740,"['status.code', 'status.description', 'status.type', 'homeScore.period2', 'homeScore.normaltime', 'awayScore.period2']",1688665504,,,,,,,,2.9,3.2,2.2
aYbsZDj,3,False,,,,False,11404423,1688662800,tsv-1860-munchen-ii-tsv-buchbach,False,Club Friendly Games,club-friendly-games,World,world,Football,football,1,1468,international,Club Friendly Games,club-friendly-games,World,world,Football,football,1,1468,international,0,False,False,853,False,False,0,86,1.0,,,100,Ended,finished,TSV Buchbach,tsv-buchbach,Buchbach,Football,football,1,0,BUC,,0,23949,DE,Germany,[],#52b030,#52b030,#ffffff,TSV 1860 München II,tsv-1860-munchen-ii,1860 München II,Football,football,1,0,M60,,0,4900,DE,Germany,[],#52b030,#52b030,#ffffff,2,2,1,1,2,2,2,1,1,2,,,1688669541,"['status.code', 'status.description', 'status.type', 'homeScore.period2', 'homeScore.normaltime', 'awayScore.period2', 'awayScore.normaltime', 'time.currentPeriodStart']",1688669543,,,,,,,,1.44,4.33,5.25
vYsFCRb,1,False,,,,False,11404748,1688666400,nk-maribor-nk-varazdin,False,Club Friendly Games,club-friendly-games,World,world,Football,football,1,1468,international,Club Friendly Games,club-friendly-games,World,world,Football,football,1,1468,international,0,False,False,853,False,False,0,86,,,,100,Ended,finished,NK Maribor,nk-maribor,Maribor,Football,football,1,0,MAR,,0,2420,SI,Slovenia,[],#52b030,#52b030,#ffffff,NK Varaždin,nk-varazdin,Varaždin,Football,football,1,0,VAR,False,0,231380,HR,Croatia,[],#52b030,#52b030,#ffffff,6,6,5,1,6,2,2,1,1,2,,,1688670155,"['status.code', 'status.description', 'status.type', 'homeScore.period2', 'homeScore.normaltime', 'awayScore.period2', 'awayScore.normaltime']",1688672888,,,,,,,,1.57,4.0,4.33
JdcsFKo,2,False,,,,False,11369140,1688668200,larne-fc-ballyclare-comrades,False,Club Friendly Games,club-friendly-games,World,world,Football,football,1,1468,international,Club Friendly Games,club-friendly-games,World,world,Football,football,1,1468,international,0,False,False,853,False,False,0,86,1.0,,,100,Ended,finished,Ballyclare Comrades,ballyclare-comrades,Ballyclare Comrades,Football,football,1,0,BAC,,0,36780,NX,Northern Ireland,[],#52b030,#52b030,#ffffff,Larne FC,larne-fc,Larne FC,Football,football,1,0,LAM,False,0,5184,NX,Northern Ireland,[],#52b030,#52b030,#ffffff,0,0,0,0,0,4,4,1,3,4,,,1688674654,"['status.code', 'status.description', 'status.type', 'homeScore.period2', 'homeScore.normaltime', 'awayScore.period2', 'awayScore.normaltime', 'time.currentPeriodStart']",1688674658,,,,,,,,34.0,13.0,1.05
zccsimk,3,False,,,,False,11408161,1688716800,nyiregyhaza-spartacus-mezokovesd-zsory,False,Club Friendly Games,club-friendly-games,World,world,Football,football,1,1468,international,Club Friendly Games,club-friendly-games,World,world,Football,football,1,1468,international,0,False,False,853,False,False,0,86,,,,100,Ended,finished,Mezőkövesd Zsóry,mezokovesd-zsory,Mezőkövesd,Football,football,1,0,MEZ,,0,25608,HU,Hungary,[],#52b030,#52b030,#ffffff,Nyiregyháza Spartacus,nyiregyhaza-spartacus,Nyíregyháza,Football,football,1,0,NYI,,0,5124,HU,Hungary,[],#52b030,#52b030,#ffffff,2,2,1,1,2,2,2,1,1,2,,,1688720280,"['status.code', 'status.description', 'status.type', 'homeScore.period2', 'homeScore.normaltime', 'awayScore.period2', 'awayScore.normaltime']",1688723022,,,,,,,,1.33,5.5,5.5
uUsnXb,2,False,,,,False,11404422,1688720400,vysocina-jihlava-fc-slovan-liberec,False,Club Friendly Games,club-friendly-games,World,world,Football,football,1,1468,international,Club Friendly Games,club-friendly-games,World,world,Football,football,1,1468,international,0,False,False,853,False,False,0,86,1.0,,,100,Ended,finished,FC Slovan Liberec,fc-slovan-liberec,Slovan Liberec,Football,football,1,0,SLO,,0,2219,CZ,Czech Republic,[],#52b030,#52b030,#ffffff,Vysočina Jihlava,vysocina-jihlava,Vysočina Jihlava,Football,football,1,0,JIH,False,0,4863,CZ,Czech Republic,[],#52b030,#52b030,#ffffff,0,0,0,0,0,2,2,1,1,2,,,1688723460,"['status.code', 'status.description', 'status.type', 'homeScore.period2', 'awayScore.period2', 'awayScore.normaltime']",1688726239,,,,,,,,1.33,5.0,6.0
aYslwU,1,False,,,,False,11341572,1688720400,fc-petrzalka-1898-mfk-skalica,False,Club Friendly Games,club-friendly-games,World,world,Football,football,1,1468,international,Club Friendly Games,club-friendly-games,World,world,Football,football,1,1468,international,0,False,False,853,False,False,0,86,1.0,,,100,Ended,finished,MFK Skalica,mfk-skalica,Skalica,Football,football,1,0,SKA,False,0,111061,SK,Slovakia,[],#52b030,#52b030,#ffffff,FC Petrzalka 1898,fc-petrzalka-1898,Petržalka,Football,football,1,0,PET,,0,2400,SK,Slovakia,[],#52b030,#52b030,#ffffff,1,1,1,0,1,0,0,0,0,0,,,1688723880,"['status.code', 'status.description', 'status.type', 'homeScore.period2', 'awayScore.period2']",1688726760,,,,,,,,1.44,4.5,5.0
umbsQdd,2,False,,,,False,11372884,1688722200,jagiellonia-bialystok-polonia-warszawa,False,Club Friendly Games,club-friendly-games,World,world,Football,football,1,1468,international,Club Friendly Games,club-friendly-games,World,world,Football,football,1,1468,international,0,False,False,853,False,False,0,86,1.0,,,100,Ended,finished,Jagiellonia Białystok,jagiellonia-bialystok,Jagiellonia,Football,football,1,0,JAG,False,0,7691,PL,Poland,[],#52b030,#52b030,#ffffff,Polonia Warszawa,polonia-warszawa,Polonia Warszawa,Football,football,1,0,KSP,,0,3119,PL,Poland,[],#52b030,#52b030,#ffffff,0,0,0,0,0,1,1,1,0,1,,,1688725740,"['status.code', 'status.description', 'status.type', 'homeScore.period2', 'awayScore.period2']",1688728492,,,,,,,,1.44,4.2,5.5
lmbscec,1,True,,,,False,11364836,1688722200,hapoel-beer-sheva-wisla-krakow,False,Club Friendly Games,club-friendly-games,World,world,Football,football,1,1468,international,Club Friendly Games,club-friendly-games,World,world,Football,football,1,1468,international,0,False,False,853,False,False,0,86,,,,100,Ended,finished,Wisła Kraków,wisla-krakow,Wisła K.,Football,football,1,0,WIS,False,0,3111,PL,Poland,[],#52b030,#52b030,#ffffff,Hapoel Be'er Sheva,hapoel-beer-sheva,H. Be'er Sheva,Football,football,1,0,HBS,False,0,5202,IL,Israel,[],#52b030,#52b030,#ffffff,3,3,3,0,3,1,1,0,1,1,,,1688726460,"['status.code', 'status.description', 'status.type', 'homeScore.period2', 'awayScore.period2', 'awayScore.normaltime']",1688729409,,,,,,,,4.0,4.5,1.57
uidsEzp,2,False,,,,False,11408162,1688724000,podbeskidzie-bielsko-biala-puszcza-niepolomice,False,Club Friendly Games,club-friendly-games,World,world,Football,football,1,1468,international,Club Friendly Games,club-friendly-games,World,world,Football,football,1,1468,international,0,False,False,853,False,False,0,86,1.0,,,100,Ended,finished,Podbeskidzie Bielsko-Biała,podbeskidzie-bielsko-biala,TS Podbeskidzie,Football,football,1,0,PBB,,0,7919,PL,Poland,[],#52b030,#52b030,#ffffff,Puszcza Niepołomice,puszcza-niepolomice,Puszcza,Football,football,1,0,PUS,,0,38729,PL,Poland,[],#52b030,#52b030,#ffffff,1,1,1,0,1,3,3,2,1,3,,,1688728800,"['status.code', 'status.description', 'status.type', 'homeScore.period2', 'awayScore.period2', 'awayScore.normaltime']",1688731649,,,,,,,,2.1,3.6,2.8
qUsMhd,1,False,,,,False,11372887,1688731200,fk-zeleziarne-podbrezova-slavia-praha,False,Club Friendly Games,club-friendly-games,World,world,Football,football,1,1468,international,Club Friendly Games,club-friendly-games,World,world,Football,football,1,1468,international,0,False,False,853,False,False,0,86,1.0,,,100,Ended,finished,Slavia Praha,slavia-praha,Slavia Praha,Football,football,1,0,SLA,False,0,2216,CZ,Czech Republic,[],#52b030,#52b030,#ffffff,FK Železiarne Podbrezová,fk-zeleziarne-podbrezova,Podbrezová,Football,football,1,0,ZEP,False,0,7887,SK,Slovakia,[],#52b030,#52b030,#ffffff,4,4,2,2,4,1,1,0,1,1,,,1688738344,"['time.currentPeriodStart', 'status.code', 'status.description', 'status.type', 'homeScore.period2', 'homeScore.normaltime', 'awayScore.current', 'awayScore.display', 'awayScore.period2', 'awayScore.normaltime']",1688738348,,,,,,,,1.2,5.5,10.0
Pfdsepr,2,False,True,True,1.0,False,11364767,1688734800,fc-liefering-austria-klagenfurt,False,Club Friendly Games,club-friendly-games,World,world,Football,football,1,1468,international,Club Friendly Games,club-friendly-games,World,world,Football,football,1,1468,international,0,False,False,853,False,False,0,86,1.0,,,100,Ended,finished,Austria Klagenfurt,austria-klagenfurt,A. Klagenfurt,Football,football,1,0,SKA,,0,43254,AT,Austria,[],#52b030,#52b030,#ffffff,FC Liefering,fc-liefering,Liefering,Football,football,1,0,FCL,,0,7790,AT,Austria,[],#52b030,#52b030,#ffffff,1,1,1,0,1,4,4,1,3,4,,,1688741354,['cardsCode'],1688823163,,,,,,,,1.36,4.33,6.5
oYcswXo,2,True,True,True,1.0,False,11331932,1688572800,denmark-spain,False,"International Friendly Games, Women",international-friendly-games-women,World,world,Football,football,1,1468,international,"Int. Friendly Games, Women",int-friendly-games-women,World,world,Football,football,1,1468,international,0,False,False,852,False,False,0,1039,1.0,,,100,Ended,finished,Denmark,denmark,Denmark,Football,football,1,0,DEN,False,0,7414,DK,Denmark,[],#52b030,#52b030,#ffffff,Spain,spain,Spain,Football,football,1,0,ESP,False,0,37371,ES,Spain,[],#52b030,#52b030,#ffffff,0,0,0,0,0,2,2,1,1,2,1.0,4.0,1688576702,"['status.code', 'status.description', 'status.type']",1688579658,,,,,,,,9.5,4.5,1.25
dmpsiNec,3,False,True,True,1.0,False,11331933,1688576400,switzerland-morocco,False,"International Friendly Games, Women",international-friendly-games-women,World,world,Football,football,1,1468,international,"Int. Friendly Games, Women",int-friendly-games-women,World,world,Football,football,1,1468,international,0,False,False,852,False,False,0,1039,1.0,,,100,Ended,finished,Switzerland,switzerland,Switzerland,Football,football,1,0,SUI,False,0,38103,CH,Switzerland,[],#52b030,#52b030,#ffffff,Morocco,morocco,Morocco,Football,football,1,0,MOR,False,0,261908,MA,Morocco,[],#52b030,#52b030,#ffffff,0,0,0,0,0,0,0,0,0,0,0.0,6.0,1688580228,"['status.code', 'status.description', 'status.type']",1688583304,,,,,,,,1.25,5.5,7.5
DPisKZm,2,True,True,True,1.0,False,11273313,1688670000,france-ireland,False,"International Friendly Games, Women",international-friendly-games-women,World,world,Football,football,1,1468,international,"Int. Friendly Games, Women",int-friendly-games-women,World,world,Football,football,1,1468,international,0,False,False,852,False,False,0,1039,1.0,,,100,Ended,finished,Ireland,ireland,Ireland,Football,football,1,0,IRL,False,0,22028,IE,Ireland,[],#52b030,#52b030,#ffffff,France,france,France,Football,football,1,0,FRA,False,0,32485,FR,France,[],#52b030,#52b030,#ffffff,0,0,0,0,0,3,3,2,1,3,4.0,4.0,1688673923,"['status.code', 'status.description', 'status.type']",1688676868,,,,,,,,8.5,6.0,1.22
GencsFIqc,1,False,,,,False,11408291,1688734800,tanzania-uganda,False,"International Friendly Games, Women",international-friendly-games-women,World,world,Football,football,1,1468,international,"Int. Friendly Games, Women",int-friendly-games-women,World,world,Football,football,1,1468,international,0,False,False,852,False,False,0,1039,1.0,,,100,Ended,finished,Uganda,uganda,Uganda,Football,football,1,0,UGA,,0,282731,UG,Uganda,[],#52b030,#52b030,#ffffff,Tanzania,tanzania,Tanzania,Football,football,1,0,TAN,,0,291680,TZ,Tanzania,[],#52b030,#52b030,#ffffff,3,3,1,2,3,1,1,1,0,1,4.0,4.0,1688741645,"['status.code', 'status.description', 'status.type', 'homeScore.period2', 'homeScore.normaltime', 'awayScore.period2', 'awayScore.normaltime', 'time.currentPeriodStart']",1688741648,,,,,,,,3.1,3.2,2.1
