playedEnough,statistics.rating,statistics.id,statistics.type,statistics.appearances,player.name,player.slug,player.shortName,player.position,player.userCount,player.id,category,statistics.goals,statistics.expectedGoals,statistics.assists,statistics.expectedAssists,statistics.goalsAssistsSum,statistics.penaltiesTaken,statistics.penaltyGoals,statistics.shotFromSetPiece,statistics.freeKickGoal,statistics.scoringFrequency,statistics.totalShots,statistics.shotsOnTarget,statistics.bigChancesMissed,statistics.bigChancesCreated,statistics.accuratePasses,statistics.accuratePassesPercentage,statistics.keyPasses,statistics.accurateLongBalls,statistics.successfulDribbles,statistics.successfulDribblesPercentage,statistics.penaltyWon,statistics.tackles,statistics.interceptions,statistics.clearances,statistics.possessionLost,statistics.yellowCards,statistics.redCards
True,7.4666666666667,866910,overall,24,Karim Benzema,karim-benzema,K. Benzema,F,164944,3306,rating,,,,,,,,,,,,,,,,,,,,,,,,,,,
True,7.4233333333333,866928,overall,30,Toni Kroos,toni-kroos,T. Kroos,M,46660,26502,rating,,,,,,,,,,,,,,,,,,,,,,,,,,,
True,7.2529411764706,866912,overall,34,Federico Valverde,federico-valverde,F. Valverde,M,38049,831808,rating,,,,,,,,,,,,,,,,,,,,,,,,,,,
True,7.2393939393939,871136,overall,33,Éder Militão,eder-militao,É. Militão,D,16939,822519,rating,,,,,,,,,,,,,,,,,,,,,,,,,,,
True,7.2133333333333,871132,overall,31,Marco Asensio,marco-asensio,M. Asensio,F,19176,361004,rating,,,,,,,,,,,,,,,,,,,,,,,,,,,
True,7.1322580645161,866924,overall,31,Thibaut Courtois,thibaut-courtois,T. Courtois,G,23985,70988,rating,,,,,,,,,,,,,,,,,,,,,,,,,,,
True,7.130303030303,866914,overall,33,Aurélien Tchouaméni,aurelien-tchouameni,A. Tchouaméni,M,22302,859025,rating,,,,,,,,,,,,,,,,,,,,,,,,,,,
True,7.1,876778,overall,34,Rodrygo,rodrygo,Rodrygo,F,59539,910536,rating,,,,,,,,,,,,,,,,,,,,,,,,,,,
True,7.0515151515152,866904,overall,33,Vinícius Júnior,vinicius-junior,Vinícius,F,145260,868812,rating,,,,,,,,,,,,,,,,,,,,,,,,,,,
True,7.0285714285714,866926,overall,23,Lucas Vázquez,lucas-vazquez,L. Vázquez,D,8014,255239,rating,,,,,,,,,,,,,,,,,,,,,,,,,,,
True,6.9545454545455,866902,overall,33,Luka Modrić,luka-modric,L. Modrić,M,87724,15466,rating,,,,,,,,,,,,,,,,,,,,,,,,,,,
True,6.9333333333333,866932,overall,30,Dani Ceballos,dani-ceballos,D. Ceballos,M,8035,547838,rating,,,,,,,,,,,,,,,,,,,,,,,,,,,
True,6.8702702702703,866920,overall,37,Eduardo Camavinga,camavinga-eduardo,E. Camavinga,M,25410,973887,rating,,,,,,,,,,,,,,,,,,,,,,,,,,,
True,6.8608695652174,866930,overall,23,David Alaba,david-alaba,D. Alaba,D,16914,66492,rating,,,,,,,,,,,,,,,,,,,,,,,,,,,
True,6.8548387096774,866918,overall,33,Antonio Rüdiger,antonio-rudiger,A. Rüdiger,D,14287,142622,rating,,,,,,,,,,,,,,,,,,,,,,,,,,,
True,6.836,866922,overall,27,Nacho Fernández,nacho-fernandez,N. Fernández,D,7770,69404,rating,,,,,,,,,,,,,,,,,,,,,,,,,,,
False,6.8142857142857,895593,overall,7,Andriy Lunin,andriy-lunin,A. Lunin,G,6048,857574,rating,,,,,,,,,,,,,,,,,,,,,,,,,,,
False,6.8,954884,overall,3,Álvaro Odriozola,alvaro-odriozola,Á. Odriozola,D,4003,353250,rating,,,,,,,,,,,,,,,,,,,,,,,,,,,
False,6.78,957664,overall,6,Álvaro Rodríguez,alvaro-rodriguez,Á. Rodríguez,F,5838,1154587,rating,,,,,,,,,,,,,,,,,,,,,,,,,,,
True,6.7666666666667,871134,overall,27,Daniel Carvajal,daniel-carvajal,D. Carvajal,D,12051,138572,rating,,,,,,,,,,,,,,,,,,,,,,,,,,,
True,6.6777777777778,866916,overall,18,Ferland Mendy,ferland-mendy,F. Mendy,D,9092,792073,rating,,,,,,,,,,,,,,,,,,,,,,,,,,,
False,6.6,895596,overall,9,Mariano Díaz,mariano-diaz,M. Díaz,F,5555,175753,rating,,,,,,,,,,,,,,,,,,,,,,,,,,,
False,6.55,954886,overall,2,Sergio Arribas,sergio-arribas,S. Arribas,M,2207,997203,rating,,,,,,,,,,,,,,,,,,,,,,,,,,,
False,6.5333333333333,866906,overall,6,Eden Hazard,eden-hazard,E. Hazard,F,87552,27583,rating,,,,,,,,,,,,,,,,,,,,,,,,,,,
False,6.5,985929,overall,1,Jesús Vallejo,jesus-vallejo,J. Vallejo,D,3622,355048,rating,,,,,,,,,,,,,,,,,,,,,,,,,,,
False,6.5,866900,overall,1,Casemiro,casemiro,Casemiro,M,59818,122951,rating,,,,,,,,,,,,,,,,,,,,,,,,,,,
True,,866910,overall,24,Karim Benzema,karim-benzema,K. Benzema,F,164944,3306,goals,19.0,,,,,,,,,,,,,,,,,,,,,,,,,,
True,,866904,overall,33,Vinícius Júnior,vinicius-junior,Vinícius,F,145260,868812,goals,10.0,,,,,,,,,,,,,,,,,,,,,,,,,,
True,,871132,overall,31,Marco Asensio,marco-asensio,M. Asensio,F,19176,361004,goals,9.0,,,,,,,,,,,,,,,,,,,,,,,,,,
True,,876778,overall,34,Rodrygo,rodrygo,Rodrygo,F,59539,910536,goals,9.0,,,,,,,,,,,,,,,,,,,,,,,,,,
True,,866912,overall,34,Federico Valverde,federico-valverde,F. Valverde,M,38049,831808,goals,7.0,,,,,,,,,,,,,,,,,,,,,,,,,,
True,,871136,overall,33,Éder Militão,eder-militao,É. Militão,D,16939,822519,goals,5.0,,,,,,,,,,,,,,,,,,,,,,,,,,
True,,866926,overall,23,Lucas Vázquez,lucas-vazquez,L. Vázquez,D,8014,255239,goals,4.0,,,,,,,,,,,,,,,,,,,,,,,,,,
True,,866902,overall,33,Luka Modrić,luka-modric,L. Modrić,M,87724,15466,goals,4.0,,,,,,,,,,,,,,,,,,,,,,,,,,
True,,866928,overall,30,Toni Kroos,toni-kroos,T. Kroos,M,46660,26502,goals,2.0,,,,,,,,,,,,,,,,,,,,,,,,,,
True,,866930,overall,23,David Alaba,david-alaba,D. Alaba,D,16914,66492,goals,1.0,,,,,,,,,,,,,,,,,,,,,,,,,,
True,,866918,overall,33,Antonio Rüdiger,antonio-rudiger,A. Rüdiger,D,14287,142622,goals,1.0,,,,,,,,,,,,,,,,,,,,,,,,,,
True,,866922,overall,27,Nacho Fernández,nacho-fernandez,N. Fernández,D,7770,69404,goals,1.0,,,,,,,,,,,,,,,,,,,,,,,,,,
True,,957664,overall,6,Álvaro Rodríguez,alvaro-rodriguez,Á. Rodríguez,F,5838,1154587,goals,1.0,,,,,,,,,,,,,,,,,,,,,,,,,,
True,,866910,overall,24,Karim Benzema,karim-benzema,K. Benzema,F,164944,3306,expectedGoals,19.0,21.5246,,,,,,,,,,,,,,,,,,,,,,,,,
True,,876778,overall,34,Rodrygo,rodrygo,Rodrygo,F,59539,910536,expectedGoals,9.0,13.4444,,,,,,,,,,,,,,,,,,,,,,,,,
True,,866904,overall,33,Vinícius Júnior,vinicius-junior,Vinícius,F,145260,868812,expectedGoals,10.0,10.509,,,,,,,,,,,,,,,,,,,,,,,,,
True,,871132,overall,31,Marco Asensio,marco-asensio,M. Asensio,F,19176,361004,expectedGoals,9.0,5.5385,,,,,,,,,,,,,,,,,,,,,,,,,
True,,866912,overall,34,Federico Valverde,federico-valverde,F. Valverde,M,38049,831808,expectedGoals,7.0,4.2884,,,,,,,,,,,,,,,,,,,,,,,,,
True,,866902,overall,33,Luka Modrić,luka-modric,L. Modrić,M,87724,15466,expectedGoals,4.0,4.2205,,,,,,,,,,,,,,,,,,,,,,,,,
True,,871136,overall,33,Éder Militão,eder-militao,É. Militão,D,16939,822519,expectedGoals,5.0,2.3759,,,,,,,,,,,,,,,,,,,,,,,,,
True,,866926,overall,23,Lucas Vázquez,lucas-vazquez,L. Vázquez,D,8014,255239,expectedGoals,4.0,1.8937,,,,,,,,,,,,,,,,,,,,,,,,,
True,,866914,overall,33,Aurélien Tchouaméni,aurelien-tchouameni,A. Tchouaméni,M,22302,859025,expectedGoals,0.0,1.8062,,,,,,,,,,,,,,,,,,,,,,,,,
True,,866918,overall,33,Antonio Rüdiger,antonio-rudiger,A. Rüdiger,D,14287,142622,expectedGoals,1.0,1.8049,,,,,,,,,,,,,,,,,,,,,,,,,
True,,866928,overall,30,Toni Kroos,toni-kroos,T. Kroos,M,46660,26502,expectedGoals,2.0,1.4173,,,,,,,,,,,,,,,,,,,,,,,,,
True,,866906,overall,6,Eden Hazard,eden-hazard,E. Hazard,F,87552,27583,expectedGoals,0.0,0.97,,,,,,,,,,,,,,,,,,,,,,,,,
True,,866932,overall,30,Dani Ceballos,dani-ceballos,D. Ceballos,M,8035,547838,expectedGoals,0.0,0.8641,,,,,,,,,,,,,,,,,,,,,,,,,
True,,866930,overall,23,David Alaba,david-alaba,D. Alaba,D,16914,66492,expectedGoals,1.0,0.8032,,,,,,,,,,,,,,,,,,,,,,,,,
True,,866922,overall,27,Nacho Fernández,nacho-fernandez,N. Fernández,D,7770,69404,expectedGoals,1.0,0.7971,,,,,,,,,,,,,,,,,,,,,,,,,
True,,866920,overall,37,Eduardo Camavinga,camavinga-eduardo,E. Camavinga,M,25410,973887,expectedGoals,0.0,0.7914,,,,,,,,,,,,,,,,,,,,,,,,,
True,,871134,overall,27,Daniel Carvajal,daniel-carvajal,D. Carvajal,D,12051,138572,expectedGoals,0.0,0.772,,,,,,,,,,,,,,,,,,,,,,,,,
True,,895596,overall,9,Mariano Díaz,mariano-diaz,M. Díaz,F,5555,175753,expectedGoals,0.0,0.5551,,,,,,,,,,,,,,,,,,,,,,,,,
True,,985929,overall,1,Jesús Vallejo,jesus-vallejo,J. Vallejo,D,3622,355048,expectedGoals,0.0,0.3154,,,,,,,,,,,,,,,,,,,,,,,,,
True,,866916,overall,18,Ferland Mendy,ferland-mendy,F. Mendy,D,9092,792073,expectedGoals,0.0,0.2582,,,,,,,,,,,,,,,,,,,,,,,,,
True,,957664,overall,6,Álvaro Rodríguez,alvaro-rodriguez,Á. Rodríguez,F,5838,1154587,expectedGoals,1.0,0.2444,,,,,,,,,,,,,,,,,,,,,,,,,
True,,954884,overall,3,Álvaro Odriozola,alvaro-odriozola,Á. Odriozola,D,4003,353250,expectedGoals,0.0,0.2415,,,,,,,,,,,,,,,,,,,,,,,,,
True,,954886,overall,2,Sergio Arribas,sergio-arribas,S. Arribas,M,2207,997203,expectedGoals,0.0,0.1552,,,,,,,,,,,,,,,,,,,,,,,,,
True,,866904,overall,33,Vinícius Júnior,vinicius-junior,Vinícius,F,145260,868812,assists,,,9.0,,,,,,,,,,,,,,,,,,,,,,,,
True,,876778,overall,34,Rodrygo,rodrygo,Rodrygo,F,59539,910536,assists,,,8.0,,,,,,,,,,,,,,,,,,,,,,,,
True,,871132,overall,31,Marco Asensio,marco-asensio,M. Asensio,F,19176,361004,assists,,,6.0,,,,,,,,,,,,,,,,,,,,,,,,
True,,866928,overall,30,Toni Kroos,toni-kroos,T. Kroos,M,46660,26502,assists,,,4.0,,,,,,,,,,,,,,,,,,,,,,,,
True,,866912,overall,34,Federico Valverde,federico-valverde,F. Valverde,M,38049,831808,assists,,,4.0,,,,,,,,,,,,,,,,,,,,,,,,
True,,866914,overall,33,Aurélien Tchouaméni,aurelien-tchouameni,A. Tchouaméni,M,22302,859025,assists,,,4.0,,,,,,,,,,,,,,,,,,,,,,,,
True,,866932,overall,30,Dani Ceballos,dani-ceballos,D. Ceballos,M,8035,547838,assists,,,4.0,,,,,,,,,,,,,,,,,,,,,,,,
True,,866910,overall,24,Karim Benzema,karim-benzema,K. Benzema,F,164944,3306,assists,,,3.0,,,,,,,,,,,,,,,,,,,,,,,,
True,,866902,overall,33,Luka Modrić,luka-modric,L. Modrić,M,87724,15466,assists,,,3.0,,,,,,,,,,,,,,,,,,,,,,,,
True,,866930,overall,23,David Alaba,david-alaba,D. Alaba,D,16914,66492,assists,,,3.0,,,,,,,,,,,,,,,,,,,,,,,,
True,,871134,overall,27,Daniel Carvajal,daniel-carvajal,D. Carvajal,D,12051,138572,assists,,,2.0,,,,,,,,,,,,,,,,,,,,,,,,
True,,866926,overall,23,Lucas Vázquez,lucas-vazquez,L. Vázquez,D,8014,255239,assists,,,1.0,,,,,,,,,,,,,,,,,,,,,,,,
True,,866920,overall,37,Eduardo Camavinga,camavinga-eduardo,E. Camavinga,M,25410,973887,assists,,,1.0,,,,,,,,,,,,,,,,,,,,,,,,
True,,866922,overall,27,Nacho Fernández,nacho-fernandez,N. Fernández,D,7770,69404,assists,,,1.0,,,,,,,,,,,,,,,,,,,,,,,,
True,,957664,overall,6,Álvaro Rodríguez,alvaro-rodriguez,Á. Rodríguez,F,5838,1154587,assists,,,1.0,,,,,,,,,,,,,,,,,,,,,,,,
True,,866916,overall,18,Ferland Mendy,ferland-mendy,F. Mendy,D,9092,792073,assists,,,1.0,,,,,,,,,,,,,,,,,,,,,,,,
True,,866906,overall,6,Eden Hazard,eden-hazard,E. Hazard,F,87552,27583,assists,,,1.0,,,,,,,,,,,,,,,,,,,,,,,,
True,,866904,overall,33,Vinícius Júnior,vinicius-junior,Vinícius,F,145260,868812,expectedAssists,,,9.0,8.8224356,,,,,,,,,,,,,,,,,,,,,,,
True,,876778,overall,34,Rodrygo,rodrygo,Rodrygo,F,59539,910536,expectedAssists,,,8.0,6.2017943,,,,,,,,,,,,,,,,,,,,,,,
True,,866910,overall,24,Karim Benzema,karim-benzema,K. Benzema,F,164944,3306,expectedAssists,,,3.0,5.5307017,,,,,,,,,,,,,,,,,,,,,,,
True,,866928,overall,30,Toni Kroos,toni-kroos,T. Kroos,M,46660,26502,expectedAssists,,,4.0,5.50160424,,,,,,,,,,,,,,,,,,,,,,,
True,,866912,overall,34,Federico Valverde,federico-valverde,F. Valverde,M,38049,831808,expectedAssists,,,4.0,5.09421361,,,,,,,,,,,,,,,,,,,,,,,
True,,866902,overall,33,Luka Modrić,luka-modric,L. Modrić,M,87724,15466,expectedAssists,,,3.0,4.20800891,,,,,,,,,,,,,,,,,,,,,,,
True,,871132,overall,31,Marco Asensio,marco-asensio,M. Asensio,F,19176,361004,expectedAssists,,,6.0,4.20660326,,,,,,,,,,,,,,,,,,,,,,,
True,,866926,overall,23,Lucas Vázquez,lucas-vazquez,L. Vázquez,D,8014,255239,expectedAssists,,,1.0,3.06704996,,,,,,,,,,,,,,,,,,,,,,,
True,,866920,overall,37,Eduardo Camavinga,camavinga-eduardo,E. Camavinga,M,25410,973887,expectedAssists,,,1.0,2.23560023,,,,,,,,,,,,,,,,,,,,,,,
True,,866914,overall,33,Aurélien Tchouaméni,aurelien-tchouameni,A. Tchouaméni,M,22302,859025,expectedAssists,,,4.0,2.10187546,,,,,,,,,,,,,,,,,,,,,,,
True,,871134,overall,27,Daniel Carvajal,daniel-carvajal,D. Carvajal,D,12051,138572,expectedAssists,,,2.0,1.97612956,,,,,,,,,,,,,,,,,,,,,,,
True,,866932,overall,30,Dani Ceballos,dani-ceballos,D. Ceballos,M,8035,547838,expectedAssists,,,4.0,1.95550494,,,,,,,,,,,,,,,,,,,,,,,
True,,866930,overall,23,David Alaba,david-alaba,D. Alaba,D,16914,66492,expectedAssists,,,3.0,1.32125179,,,,,,,,,,,,,,,,,,,,,,,
True,,866918,overall,33,Antonio Rüdiger,antonio-rudiger,A. Rüdiger,D,14287,142622,expectedAssists,,,,0.863332,,,,,,,,,,,,,,,,,,,,,,,
True,,871136,overall,33,Éder Militão,eder-militao,É. Militão,D,16939,822519,expectedAssists,,,,0.79076437,,,,,,,,,,,,,,,,,,,,,,,
True,,866922,overall,27,Nacho Fernández,nacho-fernandez,N. Fernández,D,7770,69404,expectedAssists,,,1.0,0.68753668,,,,,,,,,,,,,,,,,,,,,,,
True,,895596,overall,9,Mariano Díaz,mariano-diaz,M. Díaz,F,5555,175753,expectedAssists,,,,0.66861469,,,,,,,,,,,,,,,,,,,,,,,
True,,866916,overall,18,Ferland Mendy,ferland-mendy,F. Mendy,D,9092,792073,expectedAssists,,,1.0,0.63554253,,,,,,,,,,,,,,,,,,,,,,,
True,,866906,overall,6,Eden Hazard,eden-hazard,E. Hazard,F,87552,27583,expectedAssists,,,1.0,0.46070734,,,,,,,,,,,,,,,,,,,,,,,
True,,954884,overall,3,Álvaro Odriozola,alvaro-odriozola,Á. Odriozola,D,4003,353250,expectedAssists,,,,0.09505556,,,,,,,,,,,,,,,,,,,,,,,
True,,957664,overall,6,Álvaro Rodríguez,alvaro-rodriguez,Á. Rodríguez,F,5838,1154587,expectedAssists,,,1.0,0.08734474,,,,,,,,,,,,,,,,,,,,,,,
True,,954886,overall,2,Sergio Arribas,sergio-arribas,S. Arribas,M,2207,997203,expectedAssists,,,,0.04156726,,,,,,,,,,,,,,,,,,,,,,,
True,,866924,overall,31,Thibaut Courtois,thibaut-courtois,T. Courtois,G,23985,70988,expectedAssists,,,,0.02629367,,,,,,,,,,,,,,,,,,,,,,,
True,,866900,overall,1,Casemiro,casemiro,Casemiro,M,59818,122951,expectedAssists,,,,0.00204354,,,,,,,,,,,,,,,,,,,,,,,
True,,895593,overall,7,Andriy Lunin,andriy-lunin,A. Lunin,G,6048,857574,expectedAssists,,,,0.00193552,,,,,,,,,,,,,,,,,,,,,,,
True,,985929,overall,1,Jesús Vallejo,jesus-vallejo,J. Vallejo,D,3622,355048,expectedAssists,,,,0.0007751,,,,,,,,,,,,,,,,,,,,,,,
True,,866910,overall,24,Karim Benzema,karim-benzema,K. Benzema,F,164944,3306,goalsAssistsSum,,,,,22.0,,,,,,,,,,,,,,,,,,,,,,
True,,866904,overall,33,Vinícius Júnior,vinicius-junior,Vinícius,F,145260,868812,goalsAssistsSum,,,,,19.0,,,,,,,,,,,,,,,,,,,,,,
True,,876778,overall,34,Rodrygo,rodrygo,Rodrygo,F,59539,910536,goalsAssistsSum,,,,,17.0,,,,,,,,,,,,,,,,,,,,,,
True,,871132,overall,31,Marco Asensio,marco-asensio,M. Asensio,F,19176,361004,goalsAssistsSum,,,,,15.0,,,,,,,,,,,,,,,,,,,,,,
True,,866912,overall,34,Federico Valverde,federico-valverde,F. Valverde,M,38049,831808,goalsAssistsSum,,,,,11.0,,,,,,,,,,,,,,,,,,,,,,
True,,866902,overall,33,Luka Modrić,luka-modric,L. Modrić,M,87724,15466,goalsAssistsSum,,,,,7.0,,,,,,,,,,,,,,,,,,,,,,
True,,866928,overall,30,Toni Kroos,toni-kroos,T. Kroos,M,46660,26502,goalsAssistsSum,,,,,6.0,,,,,,,,,,,,,,,,,,,,,,
True,,871136,overall,33,Éder Militão,eder-militao,É. Militão,D,16939,822519,goalsAssistsSum,,,,,5.0,,,,,,,,,,,,,,,,,,,,,,
True,,866926,overall,23,Lucas Vázquez,lucas-vazquez,L. Vázquez,D,8014,255239,goalsAssistsSum,,,,,5.0,,,,,,,,,,,,,,,,,,,,,,
True,,866930,overall,23,David Alaba,david-alaba,D. Alaba,D,16914,66492,goalsAssistsSum,,,,,4.0,,,,,,,,,,,,,,,,,,,,,,
True,,866914,overall,33,Aurélien Tchouaméni,aurelien-tchouameni,A. Tchouaméni,M,22302,859025,goalsAssistsSum,,,,,4.0,,,,,,,,,,,,,,,,,,,,,,
True,,866932,overall,30,Dani Ceballos,dani-ceballos,D. Ceballos,M,8035,547838,goalsAssistsSum,,,,,4.0,,,,,,,,,,,,,,,,,,,,,,
True,,866922,overall,27,Nacho Fernández,nacho-fernandez,N. Fernández,D,7770,69404,goalsAssistsSum,,,,,2.0,,,,,,,,,,,,,,,,,,,,,,
True,,957664,overall,6,Álvaro Rodríguez,alvaro-rodriguez,Á. Rodríguez,F,5838,1154587,goalsAssistsSum,,,,,2.0,,,,,,,,,,,,,,,,,,,,,,
True,,871134,overall,27,Daniel Carvajal,daniel-carvajal,D. Carvajal,D,12051,138572,goalsAssistsSum,,,,,2.0,,,,,,,,,,,,,,,,,,,,,,
True,,866918,overall,33,Antonio Rüdiger,antonio-rudiger,A. Rüdiger,D,14287,142622,goalsAssistsSum,,,,,1.0,,,,,,,,,,,,,,,,,,,,,,
True,,866920,overall,37,Eduardo Camavinga,camavinga-eduardo,E. Camavinga,M,25410,973887,goalsAssistsSum,,,,,1.0,,,,,,,,,,,,,,,,,,,,,,
True,,866916,overall,18,Ferland Mendy,ferland-mendy,F. Mendy,D,9092,792073,goalsAssistsSum,,,,,1.0,,,,,,,,,,,,,,,,,,,,,,
True,,866906,overall,6,Eden Hazard,eden-hazard,E. Hazard,F,87552,27583,goalsAssistsSum,,,,,1.0,,,,,,,,,,,,,,,,,,,,,,
True,,866910,overall,24,Karim Benzema,karim-benzema,K. Benzema,F,164944,3306,penaltyGoals,,,,,,8.0,7.0,,,,,,,,,,,,,,,,,,,,
True,,876778,overall,34,Rodrygo,rodrygo,Rodrygo,F,59539,910536,penaltyGoals,,,,,,1.0,1.0,,,,,,,,,,,,,,,,,,,,
True,,866902,overall,33,Luka Modrić,luka-modric,L. Modrić,M,87724,15466,penaltyGoals,,,,,,1.0,1.0,,,,,,,,,,,,,,,,,,,,
True,,871132,overall,31,Marco Asensio,marco-asensio,M. Asensio,F,19176,361004,penaltyGoals,,,,,,1.0,0.0,,,,,,,,,,,,,,,,,,,,
True,,866906,overall,6,Eden Hazard,eden-hazard,E. Hazard,F,87552,27583,penaltyGoals,,,,,,1.0,0.0,,,,,,,,,,,,,,,,,,,,
True,,866930,overall,23,David Alaba,david-alaba,D. Alaba,D,16914,66492,freeKickGoal,,,,,,,,5.0,1.0,,,,,,,,,,,,,,,,,,
True,,866910,overall,24,Karim Benzema,karim-benzema,K. Benzema,F,164944,3306,freeKickGoal,,,,,,,,6.0,1.0,,,,,,,,,,,,,,,,,,
True,,876778,overall,34,Rodrygo,rodrygo,Rodrygo,F,59539,910536,freeKickGoal,,,,,,,,8.0,1.0,,,,,,,,,,,,,,,,,,
True,,866928,overall,30,Toni Kroos,toni-kroos,T. Kroos,M,46660,26502,freeKickGoal,,,,,,,,5.0,0.0,,,,,,,,,,,,,,,,,,
True,,871132,overall,31,Marco Asensio,marco-asensio,M. Asensio,F,19176,361004,freeKickGoal,,,,,,,,5.0,0.0,,,,,,,,,,,,,,,,,,
True,,866912,overall,34,Federico Valverde,federico-valverde,F. Valverde,M,38049,831808,freeKickGoal,,,,,,,,2.0,0.0,,,,,,,,,,,,,,,,,,
True,,866902,overall,33,Luka Modrić,luka-modric,L. Modrić,M,87724,15466,freeKickGoal,,,,,,,,1.0,0.0,,,,,,,,,,,,,,,,,,
False,,957664,overall,6,Álvaro Rodríguez,alvaro-rodriguez,Á. Rodríguez,F,5838,1154587,scoringFrequency,,,,,,,,,,86.0,,,,,,,,,,,,,,,,,
True,,866910,overall,24,Karim Benzema,karim-benzema,K. Benzema,F,164944,3306,scoringFrequency,,,,,,,,,,107.57894736842,,,,,,,,,,,,,,,,,
True,,871132,overall,31,Marco Asensio,marco-asensio,M. Asensio,F,19176,361004,scoringFrequency,,,,,,,,,,160.55555555556,,,,,,,,,,,,,,,,,
True,,876778,overall,34,Rodrygo,rodrygo,Rodrygo,F,59539,910536,scoringFrequency,,,,,,,,,,265.66666666667,,,,,,,,,,,,,,,,,
True,,866904,overall,33,Vinícius Júnior,vinicius-junior,Vinícius,F,145260,868812,scoringFrequency,,,,,,,,,,283.1,,,,,,,,,,,,,,,,,
True,,866926,overall,23,Lucas Vázquez,lucas-vazquez,L. Vázquez,D,8014,255239,scoringFrequency,,,,,,,,,,289.25,,,,,,,,,,,,,,,,,
True,,866912,overall,34,Federico Valverde,federico-valverde,F. Valverde,M,38049,831808,scoringFrequency,,,,,,,,,,361.0,,,,,,,,,,,,,,,,,
True,,866902,overall,33,Luka Modrić,luka-modric,L. Modrić,M,87724,15466,scoringFrequency,,,,,,,,,,438.5,,,,,,,,,,,,,,,,,
True,,871136,overall,33,Éder Militão,eder-militao,É. Militão,D,16939,822519,scoringFrequency,,,,,,,,,,542.8,,,,,,,,,,,,,,,,,
True,,866928,overall,30,Toni Kroos,toni-kroos,T. Kroos,M,46660,26502,scoringFrequency,,,,,,,,,,1084.5,,,,,,,,,,,,,,,,,
True,,866922,overall,27,Nacho Fernández,nacho-fernandez,N. Fernández,D,7770,69404,scoringFrequency,,,,,,,,,,1653.0,,,,,,,,,,,,,,,,,
True,,866930,overall,23,David Alaba,david-alaba,D. Alaba,D,16914,66492,scoringFrequency,,,,,,,,,,1840.0,,,,,,,,,,,,,,,,,
True,,866918,overall,33,Antonio Rüdiger,antonio-rudiger,A. Rüdiger,D,14287,142622,scoringFrequency,,,,,,,,,,2410.0,,,,,,,,,,,,,,,,,
True,,866910,overall,24,Karim Benzema,karim-benzema,K. Benzema,F,164944,3306,totalShots,,,,,,,,,,,107.0,,,,,,,,,,,,,,,,
True,,876778,overall,34,Rodrygo,rodrygo,Rodrygo,F,59539,910536,totalShots,,,,,,,,,,,98.0,,,,,,,,,,,,,,,,
True,,866904,overall,33,Vinícius Júnior,vinicius-junior,Vinícius,F,145260,868812,totalShots,,,,,,,,,,,77.0,,,,,,,,,,,,,,,,
True,,871132,overall,31,Marco Asensio,marco-asensio,M. Asensio,F,19176,361004,totalShots,,,,,,,,,,,59.0,,,,,,,,,,,,,,,,
True,,866912,overall,34,Federico Valverde,federico-valverde,F. Valverde,M,38049,831808,totalShots,,,,,,,,,,,63.0,,,,,,,,,,,,,,,,
True,,866914,overall,33,Aurélien Tchouaméni,aurelien-tchouameni,A. Tchouaméni,M,22302,859025,totalShots,,,,,,,,,,,38.0,,,,,,,,,,,,,,,,
True,,866928,overall,30,Toni Kroos,toni-kroos,T. Kroos,M,46660,26502,totalShots,,,,,,,,,,,31.0,,,,,,,,,,,,,,,,
False,,985929,overall,1,Jesús Vallejo,jesus-vallejo,J. Vallejo,D,3622,355048,totalShots,,,,,,,,,,,1.0,,,,,,,,,,,,,,,,
True,,866902,overall,33,Luka Modrić,luka-modric,L. Modrić,M,87724,15466,totalShots,,,,,,,,,,,30.0,,,,,,,,,,,,,,,,
True,,871136,overall,33,Éder Militão,eder-militao,É. Militão,D,16939,822519,totalShots,,,,,,,,,,,22.0,,,,,,,,,,,,,,,,
True,,866918,overall,33,Antonio Rüdiger,antonio-rudiger,A. Rüdiger,D,14287,142622,totalShots,,,,,,,,,,,22.0,,,,,,,,,,,,,,,,
True,,866926,overall,23,Lucas Vázquez,lucas-vazquez,L. Vázquez,D,8014,255239,totalShots,,,,,,,,,,,14.0,,,,,,,,,,,,,,,,
True,,866930,overall,23,David Alaba,david-alaba,D. Alaba,D,16914,66492,totalShots,,,,,,,,,,,14.0,,,,,,,,,,,,,,,,
True,,866932,overall,30,Dani Ceballos,dani-ceballos,D. Ceballos,M,8035,547838,totalShots,,,,,,,,,,,18.0,,,,,,,,,,,,,,,,
False,,895596,overall,9,Mariano Díaz,mariano-diaz,M. Díaz,F,5555,175753,totalShots,,,,,,,,,,,5.0,,,,,,,,,,,,,,,,
False,,954886,overall,2,Sergio Arribas,sergio-arribas,S. Arribas,M,2207,997203,totalShots,,,,,,,,,,,1.0,,,,,,,,,,,,,,,,
False,,866906,overall,6,Eden Hazard,eden-hazard,E. Hazard,F,87552,27583,totalShots,,,,,,,,,,,3.0,,,,,,,,,,,,,,,,
True,,866920,overall,37,Eduardo Camavinga,camavinga-eduardo,E. Camavinga,M,25410,973887,totalShots,,,,,,,,,,,18.0,,,,,,,,,,,,,,,,
True,,871134,overall,27,Daniel Carvajal,daniel-carvajal,D. Carvajal,D,12051,138572,totalShots,,,,,,,,,,,12.0,,,,,,,,,,,,,,,,
True,,866922,overall,27,Nacho Fernández,nacho-fernandez,N. Fernández,D,7770,69404,totalShots,,,,,,,,,,,9.0,,,,,,,,,,,,,,,,
False,,954884,overall,3,Álvaro Odriozola,alvaro-odriozola,Á. Odriozola,D,4003,353250,totalShots,,,,,,,,,,,1.0,,,,,,,,,,,,,,,,
False,,957664,overall,6,Álvaro Rodríguez,alvaro-rodriguez,Á. Rodríguez,F,5838,1154587,totalShots,,,,,,,,,,,2.0,,,,,,,,,,,,,,,,
True,,866916,overall,18,Ferland Mendy,ferland-mendy,F. Mendy,D,9092,792073,totalShots,,,,,,,,,,,1.0,,,,,,,,,,,,,,,,
True,,866910,overall,24,Karim Benzema,karim-benzema,K. Benzema,F,164944,3306,shotsOnTarget,,,,,,,,,,,,46.0,,,,,,,,,,,,,,,
True,,866904,overall,33,Vinícius Júnior,vinicius-junior,Vinícius,F,145260,868812,shotsOnTarget,,,,,,,,,,,,36.0,,,,,,,,,,,,,,,
False,,985929,overall,1,Jesús Vallejo,jesus-vallejo,J. Vallejo,D,3622,355048,shotsOnTarget,,,,,,,,,,,,1.0,,,,,,,,,,,,,,,
True,,876778,overall,34,Rodrygo,rodrygo,Rodrygo,F,59539,910536,shotsOnTarget,,,,,,,,,,,,32.0,,,,,,,,,,,,,,,
True,,871132,overall,31,Marco Asensio,marco-asensio,M. Asensio,F,19176,361004,shotsOnTarget,,,,,,,,,,,,25.0,,,,,,,,,,,,,,,
True,,866912,overall,34,Federico Valverde,federico-valverde,F. Valverde,M,38049,831808,shotsOnTarget,,,,,,,,,,,,21.0,,,,,,,,,,,,,,,
True,,866928,overall,30,Toni Kroos,toni-kroos,T. Kroos,M,46660,26502,shotsOnTarget,,,,,,,,,,,,11.0,,,,,,,,,,,,,,,
True,,866926,overall,23,Lucas Vázquez,lucas-vazquez,L. Vázquez,D,8014,255239,shotsOnTarget,,,,,,,,,,,,7.0,,,,,,,,,,,,,,,
True,,871136,overall,33,Éder Militão,eder-militao,É. Militão,D,16939,822519,shotsOnTarget,,,,,,,,,,,,9.0,,,,,,,,,,,,,,,
True,,866914,overall,33,Aurélien Tchouaméni,aurelien-tchouameni,A. Tchouaméni,M,22302,859025,shotsOnTarget,,,,,,,,,,,,6.0,,,,,,,,,,,,,,,
True,,866902,overall,33,Luka Modrić,luka-modric,L. Modrić,M,87724,15466,shotsOnTarget,,,,,,,,,,,,6.0,,,,,,,,,,,,,,,
True,,866932,overall,30,Dani Ceballos,dani-ceballos,D. Ceballos,M,8035,547838,shotsOnTarget,,,,,,,,,,,,5.0,,,,,,,,,,,,,,,
False,,957664,overall,6,Álvaro Rodríguez,alvaro-rodriguez,Á. Rodríguez,F,5838,1154587,shotsOnTarget,,,,,,,,,,,,1.0,,,,,,,,,,,,,,,
False,,866906,overall,6,Eden Hazard,eden-hazard,E. Hazard,F,87552,27583,shotsOnTarget,,,,,,,,,,,,1.0,,,,,,,,,,,,,,,
True,,866922,overall,27,Nacho Fernández,nacho-fernandez,N. Fernández,D,7770,69404,shotsOnTarget,,,,,,,,,,,,4.0,,,,,,,,,,,,,,,
True,,866930,overall,23,David Alaba,david-alaba,D. Alaba,D,16914,66492,shotsOnTarget,,,,,,,,,,,,3.0,,,,,,,,,,,,,,,
True,,866918,overall,33,Antonio Rüdiger,antonio-rudiger,A. Rüdiger,D,14287,142622,shotsOnTarget,,,,,,,,,,,,4.0,,,,,,,,,,,,,,,
True,,866920,overall,37,Eduardo Camavinga,camavinga-eduardo,E. Camavinga,M,25410,973887,shotsOnTarget,,,,,,,,,,,,3.0,,,,,,,,,,,,,,,
True,,866910,overall,24,Karim Benzema,karim-benzema,K. Benzema,F,164944,3306,bigChancesMissed,,,,,,,,,,,,,18.0,,,,,,,,,,,,,,
True,,876778,overall,34,Rodrygo,rodrygo,Rodrygo,F,59539,910536,bigChancesMissed,,,,,,,,,,,,,18.0,,,,,,,,,,,,,,
True,,866904,overall,33,Vinícius Júnior,vinicius-junior,Vinícius,F,145260,868812,bigChancesMissed,,,,,,,,,,,,,13.0,,,,,,,,,,,,,,
True,,871132,overall,31,Marco Asensio,marco-asensio,M. Asensio,F,19176,361004,bigChancesMissed,,,,,,,,,,,,,6.0,,,,,,,,,,,,,,
True,,866912,overall,34,Federico Valverde,federico-valverde,F. Valverde,M,38049,831808,bigChancesMissed,,,,,,,,,,,,,3.0,,,,,,,,,,,,,,
True,,871136,overall,33,Éder Militão,eder-militao,É. Militão,D,16939,822519,bigChancesMissed,,,,,,,,,,,,,2.0,,,,,,,,,,,,,,
True,,866906,overall,6,Eden Hazard,eden-hazard,E. Hazard,F,87552,27583,bigChancesMissed,,,,,,,,,,,,,2.0,,,,,,,,,,,,,,
True,,866914,overall,33,Aurélien Tchouaméni,aurelien-tchouameni,A. Tchouaméni,M,22302,859025,bigChancesMissed,,,,,,,,,,,,,1.0,,,,,,,,,,,,,,
True,,866926,overall,23,Lucas Vázquez,lucas-vazquez,L. Vázquez,D,8014,255239,bigChancesMissed,,,,,,,,,,,,,1.0,,,,,,,,,,,,,,
True,,866902,overall,33,Luka Modrić,luka-modric,L. Modrić,M,87724,15466,bigChancesMissed,,,,,,,,,,,,,1.0,,,,,,,,,,,,,,
True,,866930,overall,23,David Alaba,david-alaba,D. Alaba,D,16914,66492,bigChancesMissed,,,,,,,,,,,,,1.0,,,,,,,,,,,,,,
True,,866918,overall,33,Antonio Rüdiger,antonio-rudiger,A. Rüdiger,D,14287,142622,bigChancesMissed,,,,,,,,,,,,,1.0,,,,,,,,,,,,,,
True,,866922,overall,27,Nacho Fernández,nacho-fernandez,N. Fernández,D,7770,69404,bigChancesMissed,,,,,,,,,,,,,1.0,,,,,,,,,,,,,,
True,,871134,overall,27,Daniel Carvajal,daniel-carvajal,D. Carvajal,D,12051,138572,bigChancesMissed,,,,,,,,,,,,,1.0,,,,,,,,,,,,,,
True,,985929,overall,1,Jesús Vallejo,jesus-vallejo,J. Vallejo,D,3622,355048,bigChancesMissed,,,,,,,,,,,,,1.0,,,,,,,,,,,,,,
True,,866910,overall,24,Karim Benzema,karim-benzema,K. Benzema,F,164944,3306,bigChancesCreated,,,,,,,,,,,,,,14.0,,,,,,,,,,,,,
True,,866904,overall,33,Vinícius Júnior,vinicius-junior,Vinícius,F,145260,868812,bigChancesCreated,,,,,,,,,,,,,,14.0,,,,,,,,,,,,,
True,,876778,overall,34,Rodrygo,rodrygo,Rodrygo,F,59539,910536,bigChancesCreated,,,,,,,,,,,,,,10.0,,,,,,,,,,,,,
True,,871132,overall,31,Marco Asensio,marco-asensio,M. Asensio,F,19176,361004,bigChancesCreated,,,,,,,,,,,,,,9.0,,,,,,,,,,,,,
True,,866902,overall,33,Luka Modrić,luka-modric,L. Modrić,M,87724,15466,bigChancesCreated,,,,,,,,,,,,,,9.0,,,,,,,,,,,,,
True,,866912,overall,34,Federico Valverde,federico-valverde,F. Valverde,M,38049,831808,bigChancesCreated,,,,,,,,,,,,,,8.0,,,,,,,,,,,,,
True,,866928,overall,30,Toni Kroos,toni-kroos,T. Kroos,M,46660,26502,bigChancesCreated,,,,,,,,,,,,,,7.0,,,,,,,,,,,,,
True,,866914,overall,33,Aurélien Tchouaméni,aurelien-tchouameni,A. Tchouaméni,M,22302,859025,bigChancesCreated,,,,,,,,,,,,,,4.0,,,,,,,,,,,,,
True,,866926,overall,23,Lucas Vázquez,lucas-vazquez,L. Vázquez,D,8014,255239,bigChancesCreated,,,,,,,,,,,,,,2.0,,,,,,,,,,,,,
True,,866920,overall,37,Eduardo Camavinga,camavinga-eduardo,E. Camavinga,M,25410,973887,bigChancesCreated,,,,,,,,,,,,,,2.0,,,,,,,,,,,,,
True,,871136,overall,33,Éder Militão,eder-militao,É. Militão,D,16939,822519,bigChancesCreated,,,,,,,,,,,,,,1.0,,,,,,,,,,,,,
True,,866924,overall,31,Thibaut Courtois,thibaut-courtois,T. Courtois,G,23985,70988,bigChancesCreated,,,,,,,,,,,,,,1.0,,,,,,,,,,,,,
True,,866932,overall,30,Dani Ceballos,dani-ceballos,D. Ceballos,M,8035,547838,bigChancesCreated,,,,,,,,,,,,,,1.0,,,,,,,,,,,,,
True,,866930,overall,23,David Alaba,david-alaba,D. Alaba,D,16914,66492,bigChancesCreated,,,,,,,,,,,,,,1.0,,,,,,,,,,,,,
True,,866922,overall,27,Nacho Fernández,nacho-fernandez,N. Fernández,D,7770,69404,bigChancesCreated,,,,,,,,,,,,,,1.0,,,,,,,,,,,,,
True,,954884,overall,3,Álvaro Odriozola,alvaro-odriozola,Á. Odriozola,D,4003,353250,bigChancesCreated,,,,,,,,,,,,,,1.0,,,,,,,,,,,,,
True,,957664,overall,6,Álvaro Rodríguez,alvaro-rodriguez,Á. Rodríguez,F,5838,1154587,bigChancesCreated,,,,,,,,,,,,,,1.0,,,,,,,,,,,,,
True,,871134,overall,27,Daniel Carvajal,daniel-carvajal,D. Carvajal,D,12051,138572,bigChancesCreated,,,,,,,,,,,,,,1.0,,,,,,,,,,,,,
True,,895596,overall,9,Mariano Díaz,mariano-diaz,M. Díaz,F,5555,175753,bigChancesCreated,,,,,,,,,,,,,,1.0,,,,,,,,,,,,,
True,,866928,overall,30,Toni Kroos,toni-kroos,T. Kroos,M,46660,26502,accuratePasses,,,,,,,,,,,,,,,2205.0,94.594594594595,,,,,,,,,,,
True,,871136,overall,33,Éder Militão,eder-militao,É. Militão,D,16939,822519,accuratePasses,,,,,,,,,,,,,,,1633.0,88.701792504074,,,,,,,,,,,
True,,866914,overall,33,Aurélien Tchouaméni,aurelien-tchouameni,A. Tchouaméni,M,22302,859025,accuratePasses,,,,,,,,,,,,,,,1576.0,93.53115727003,,,,,,,,,,,
True,,866932,overall,30,Dani Ceballos,dani-ceballos,D. Ceballos,M,8035,547838,accuratePasses,,,,,,,,,,,,,,,1336.0,91.632373113855,,,,,,,,,,,
True,,866918,overall,33,Antonio Rüdiger,antonio-rudiger,A. Rüdiger,D,14287,142622,accuratePasses,,,,,,,,,,,,,,,1466.0,92.085427135678,,,,,,,,,,,
True,,866930,overall,23,David Alaba,david-alaba,D. Alaba,D,16914,66492,accuratePasses,,,,,,,,,,,,,,,989.0,89.259927797834,,,,,,,,,,,
True,,866912,overall,34,Federico Valverde,federico-valverde,F. Valverde,M,38049,831808,accuratePasses,,,,,,,,,,,,,,,1407.0,88.490566037736,,,,,,,,,,,
True,,866902,overall,33,Luka Modrić,luka-modric,L. Modrić,M,87724,15466,accuratePasses,,,,,,,,,,,,,,,1312.0,90.670352453352,,,,,,,,,,,
True,,866916,overall,18,Ferland Mendy,ferland-mendy,F. Mendy,D,9092,792073,accuratePasses,,,,,,,,,,,,,,,715.0,92.616580310881,,,,,,,,,,,
True,,866910,overall,24,Karim Benzema,karim-benzema,K. Benzema,F,164944,3306,accuratePasses,,,,,,,,,,,,,,,920.0,87.038789025544,,,,,,,,,,,
True,,866922,overall,27,Nacho Fernández,nacho-fernandez,N. Fernández,D,7770,69404,accuratePasses,,,,,,,,,,,,,,,1018.0,92.96803652968,,,,,,,,,,,
True,,871134,overall,27,Daniel Carvajal,daniel-carvajal,D. Carvajal,D,12051,138572,accuratePasses,,,,,,,,,,,,,,,1002.0,87.054735013032,,,,,,,,,,,
True,,866920,overall,37,Eduardo Camavinga,camavinga-eduardo,E. Camavinga,M,25410,973887,accuratePasses,,,,,,,,,,,,,,,1292.0,91.178546224418,,,,,,,,,,,
True,,866926,overall,23,Lucas Vázquez,lucas-vazquez,L. Vázquez,D,8014,255239,accuratePasses,,,,,,,,,,,,,,,709.0,88.735919899875,,,,,,,,,,,
True,,876778,overall,34,Rodrygo,rodrygo,Rodrygo,F,59539,910536,accuratePasses,,,,,,,,,,,,,,,906.0,89.614243323442,,,,,,,,,,,
True,,866904,overall,33,Vinícius Júnior,vinicius-junior,Vinícius,F,145260,868812,accuratePasses,,,,,,,,,,,,,,,854.0,80.566037735849,,,,,,,,,,,
True,,866924,overall,31,Thibaut Courtois,thibaut-courtois,T. Courtois,G,23985,70988,accuratePasses,,,,,,,,,,,,,,,789.0,83.936170212766,,,,,,,,,,,
False,,895593,overall,7,Andriy Lunin,andriy-lunin,A. Lunin,G,6048,857574,accuratePasses,,,,,,,,,,,,,,,169.0,88.48167539267,,,,,,,,,,,
True,,871132,overall,31,Marco Asensio,marco-asensio,M. Asensio,F,19176,361004,accuratePasses,,,,,,,,,,,,,,,623.0,87.87023977433,,,,,,,,,,,
False,,866906,overall,6,Eden Hazard,eden-hazard,E. Hazard,F,87552,27583,accuratePasses,,,,,,,,,,,,,,,95.0,88.785046728972,,,,,,,,,,,
False,,985929,overall,1,Jesús Vallejo,jesus-vallejo,J. Vallejo,D,3622,355048,accuratePasses,,,,,,,,,,,,,,,12.0,100.0,,,,,,,,,,,
False,,954884,overall,3,Álvaro Odriozola,alvaro-odriozola,Á. Odriozola,D,4003,353250,accuratePasses,,,,,,,,,,,,,,,22.0,100.0,,,,,,,,,,,
False,,866900,overall,1,Casemiro,casemiro,Casemiro,M,59818,122951,accuratePasses,,,,,,,,,,,,,,,7.0,87.5,,,,,,,,,,,
False,,954886,overall,2,Sergio Arribas,sergio-arribas,S. Arribas,M,2207,997203,accuratePasses,,,,,,,,,,,,,,,9.0,90.0,,,,,,,,,,,
False,,895596,overall,9,Mariano Díaz,mariano-diaz,M. Díaz,F,5555,175753,accuratePasses,,,,,,,,,,,,,,,32.0,80.0,,,,,,,,,,,
False,,957664,overall,6,Álvaro Rodríguez,alvaro-rodriguez,Á. Rodríguez,F,5838,1154587,accuratePasses,,,,,,,,,,,,,,,9.0,75.0,,,,,,,,,,,
True,,866910,overall,24,Karim Benzema,karim-benzema,K. Benzema,F,164944,3306,keyPasses,,,,,,,,,,,,,,,,,49.0,,,,,,,,,,
True,,866904,overall,33,Vinícius Júnior,vinicius-junior,Vinícius,F,145260,868812,keyPasses,,,,,,,,,,,,,,,,,64.0,,,,,,,,,,
True,,866928,overall,30,Toni Kroos,toni-kroos,T. Kroos,M,46660,26502,keyPasses,,,,,,,,,,,,,,,,,55.0,,,,,,,,,,
True,,876778,overall,34,Rodrygo,rodrygo,Rodrygo,F,59539,910536,keyPasses,,,,,,,,,,,,,,,,,47.0,,,,,,,,,,
True,,871132,overall,31,Marco Asensio,marco-asensio,M. Asensio,F,19176,361004,keyPasses,,,,,,,,,,,,,,,,,42.0,,,,,,,,,,
True,,866912,overall,34,Federico Valverde,federico-valverde,F. Valverde,M,38049,831808,keyPasses,,,,,,,,,,,,,,,,,44.0,,,,,,,,,,
True,,866902,overall,33,Luka Modrić,luka-modric,L. Modrić,M,87724,15466,keyPasses,,,,,,,,,,,,,,,,,42.0,,,,,,,,,,
False,,866906,overall,6,Eden Hazard,eden-hazard,E. Hazard,F,87552,27583,keyPasses,,,,,,,,,,,,,,,,,7.0,,,,,,,,,,
True,,866932,overall,30,Dani Ceballos,dani-ceballos,D. Ceballos,M,8035,547838,keyPasses,,,,,,,,,,,,,,,,,30.0,,,,,,,,,,
True,,866926,overall,23,Lucas Vázquez,lucas-vazquez,L. Vázquez,D,8014,255239,keyPasses,,,,,,,,,,,,,,,,,22.0,,,,,,,,,,
True,,871134,overall,27,Daniel Carvajal,daniel-carvajal,D. Carvajal,D,12051,138572,keyPasses,,,,,,,,,,,,,,,,,22.0,,,,,,,,,,
True,,866916,overall,18,Ferland Mendy,ferland-mendy,F. Mendy,D,9092,792073,keyPasses,,,,,,,,,,,,,,,,,13.0,,,,,,,,,,
True,,866930,overall,23,David Alaba,david-alaba,D. Alaba,D,16914,66492,keyPasses,,,,,,,,,,,,,,,,,16.0,,,,,,,,,,
True,,866914,overall,33,Aurélien Tchouaméni,aurelien-tchouameni,A. Tchouaméni,M,22302,859025,keyPasses,,,,,,,,,,,,,,,,,22.0,,,,,,,,,,
False,,954884,overall,3,Álvaro Odriozola,alvaro-odriozola,Á. Odriozola,D,4003,353250,keyPasses,,,,,,,,,,,,,,,,,2.0,,,,,,,,,,
True,,866920,overall,37,Eduardo Camavinga,camavinga-eduardo,E. Camavinga,M,25410,973887,keyPasses,,,,,,,,,,,,,,,,,24.0,,,,,,,,,,
False,,954886,overall,2,Sergio Arribas,sergio-arribas,S. Arribas,M,2207,997203,keyPasses,,,,,,,,,,,,,,,,,1.0,,,,,,,,,,
True,,866922,overall,27,Nacho Fernández,nacho-fernandez,N. Fernández,D,7770,69404,keyPasses,,,,,,,,,,,,,,,,,12.0,,,,,,,,,,
True,,871136,overall,33,Éder Militão,eder-militao,É. Militão,D,16939,822519,keyPasses,,,,,,,,,,,,,,,,,6.0,,,,,,,,,,
False,,957664,overall,6,Álvaro Rodríguez,alvaro-rodriguez,Á. Rodríguez,F,5838,1154587,keyPasses,,,,,,,,,,,,,,,,,1.0,,,,,,,,,,
False,,895596,overall,9,Mariano Díaz,mariano-diaz,M. Díaz,F,5555,175753,keyPasses,,,,,,,,,,,,,,,,,1.0,,,,,,,,,,
True,,866924,overall,31,Thibaut Courtois,thibaut-courtois,T. Courtois,G,23985,70988,keyPasses,,,,,,,,,,,,,,,,,2.0,,,,,,,,,,
True,,866918,overall,33,Antonio Rüdiger,antonio-rudiger,A. Rüdiger,D,14287,142622,keyPasses,,,,,,,,,,,,,,,,,2.0,,,,,,,,,,
True,,866928,overall,30,Toni Kroos,toni-kroos,T. Kroos,M,46660,26502,accurateLongBalls,,,,,,,,,,,,,,,,,,204.0,,,,,,,,,
True,,871136,overall,33,Éder Militão,eder-militao,É. Militão,D,16939,822519,accurateLongBalls,,,,,,,,,,,,,,,,,,113.0,,,,,,,,,
True,,866932,overall,30,Dani Ceballos,dani-ceballos,D. Ceballos,M,8035,547838,accurateLongBalls,,,,,,,,,,,,,,,,,,74.0,,,,,,,,,
True,,866902,overall,33,Luka Modrić,luka-modric,L. Modrić,M,87724,15466,accurateLongBalls,,,,,,,,,,,,,,,,,,74.0,,,,,,,,,
True,,866918,overall,33,Antonio Rüdiger,antonio-rudiger,A. Rüdiger,D,14287,142622,accurateLongBalls,,,,,,,,,,,,,,,,,,64.0,,,,,,,,,
True,,871134,overall,27,Daniel Carvajal,daniel-carvajal,D. Carvajal,D,12051,138572,accurateLongBalls,,,,,,,,,,,,,,,,,,50.0,,,,,,,,,
True,,866912,overall,34,Federico Valverde,federico-valverde,F. Valverde,M,38049,831808,accurateLongBalls,,,,,,,,,,,,,,,,,,58.0,,,,,,,,,
True,,866920,overall,37,Eduardo Camavinga,camavinga-eduardo,E. Camavinga,M,25410,973887,accurateLongBalls,,,,,,,,,,,,,,,,,,53.0,,,,,,,,,
True,,866914,overall,33,Aurélien Tchouaméni,aurelien-tchouameni,A. Tchouaméni,M,22302,859025,accurateLongBalls,,,,,,,,,,,,,,,,,,40.0,,,,,,,,,
True,,866930,overall,23,David Alaba,david-alaba,D. Alaba,D,16914,66492,accurateLongBalls,,,,,,,,,,,,,,,,,,24.0,,,,,,,,,
True,,866922,overall,27,Nacho Fernández,nacho-fernandez,N. Fernández,D,7770,69404,accurateLongBalls,,,,,,,,,,,,,,,,,,28.0,,,,,,,,,
True,,871132,overall,31,Marco Asensio,marco-asensio,M. Asensio,F,19176,361004,accurateLongBalls,,,,,,,,,,,,,,,,,,32.0,,,,,,,,,
False,,985929,overall,1,Jesús Vallejo,jesus-vallejo,J. Vallejo,D,3622,355048,accurateLongBalls,,,,,,,,,,,,,,,,,,1.0,,,,,,,,,
False,,866900,overall,1,Casemiro,casemiro,Casemiro,M,59818,122951,accurateLongBalls,,,,,,,,,,,,,,,,,,1.0,,,,,,,,,
True,,866916,overall,18,Ferland Mendy,ferland-mendy,F. Mendy,D,9092,792073,accurateLongBalls,,,,,,,,,,,,,,,,,,17.0,,,,,,,,,
True,,866904,overall,33,Vinícius Júnior,vinicius-junior,Vinícius,F,145260,868812,accurateLongBalls,,,,,,,,,,,,,,,,,,30.0,,,,,,,,,
True,,866926,overall,23,Lucas Vázquez,lucas-vazquez,L. Vázquez,D,8014,255239,accurateLongBalls,,,,,,,,,,,,,,,,,,16.0,,,,,,,,,
True,,866910,overall,24,Karim Benzema,karim-benzema,K. Benzema,F,164944,3306,accurateLongBalls,,,,,,,,,,,,,,,,,,14.0,,,,,,,,,
True,,876778,overall,34,Rodrygo,rodrygo,Rodrygo,F,59539,910536,accurateLongBalls,,,,,,,,,,,,,,,,,,18.0,,,,,,,,,
False,,866906,overall,6,Eden Hazard,eden-hazard,E. Hazard,F,87552,27583,accurateLongBalls,,,,,,,,,,,,,,,,,,2.0,,,,,,,,,
False,,895596,overall,9,Mariano Díaz,mariano-diaz,M. Díaz,F,5555,175753,accurateLongBalls,,,,,,,,,,,,,,,,,,1.0,,,,,,,,,
True,,866904,overall,33,Vinícius Júnior,vinicius-junior,Vinícius,F,145260,868812,successfulDribbles,,,,,,,,,,,,,,,,,,,112.0,42.105263157895,,,,,,,
True,,876778,overall,34,Rodrygo,rodrygo,Rodrygo,F,59539,910536,successfulDribbles,,,,,,,,,,,,,,,,,,,81.0,54.362416107383,,,,,,,
True,,866932,overall,30,Dani Ceballos,dani-ceballos,D. Ceballos,M,8035,547838,successfulDribbles,,,,,,,,,,,,,,,,,,,40.0,64.516129032258,,,,,,,
True,,866916,overall,18,Ferland Mendy,ferland-mendy,F. Mendy,D,9092,792073,successfulDribbles,,,,,,,,,,,,,,,,,,,19.0,70.37037037037,,,,,,,
True,,866920,overall,37,Eduardo Camavinga,camavinga-eduardo,E. Camavinga,M,25410,973887,successfulDribbles,,,,,,,,,,,,,,,,,,,38.0,60.31746031746,,,,,,,
True,,866912,overall,34,Federico Valverde,federico-valverde,F. Valverde,M,38049,831808,successfulDribbles,,,,,,,,,,,,,,,,,,,31.0,75.609756097561,,,,,,,
True,,866914,overall,33,Aurélien Tchouaméni,aurelien-tchouameni,A. Tchouaméni,M,22302,859025,successfulDribbles,,,,,,,,,,,,,,,,,,,28.0,77.777777777778,,,,,,,
True,,866910,overall,24,Karim Benzema,karim-benzema,K. Benzema,F,164944,3306,successfulDribbles,,,,,,,,,,,,,,,,,,,20.0,47.619047619048,,,,,,,
True,,871132,overall,31,Marco Asensio,marco-asensio,M. Asensio,F,19176,361004,successfulDribbles,,,,,,,,,,,,,,,,,,,23.0,76.666666666667,,,,,,,
True,,866926,overall,23,Lucas Vázquez,lucas-vazquez,L. Vázquez,D,8014,255239,successfulDribbles,,,,,,,,,,,,,,,,,,,14.0,73.684210526316,,,,,,,
True,,866902,overall,33,Luka Modrić,luka-modric,L. Modrić,M,87724,15466,successfulDribbles,,,,,,,,,,,,,,,,,,,19.0,46.341463414634,,,,,,,
True,,866922,overall,27,Nacho Fernández,nacho-fernandez,N. Fernández,D,7770,69404,successfulDribbles,,,,,,,,,,,,,,,,,,,11.0,73.333333333333,,,,,,,
True,,871136,overall,33,Éder Militão,eder-militao,É. Militão,D,16939,822519,successfulDribbles,,,,,,,,,,,,,,,,,,,11.0,64.705882352941,,,,,,,
True,,871134,overall,27,Daniel Carvajal,daniel-carvajal,D. Carvajal,D,12051,138572,successfulDribbles,,,,,,,,,,,,,,,,,,,9.0,64.285714285714,,,,,,,
False,,866906,overall,6,Eden Hazard,eden-hazard,E. Hazard,F,87552,27583,successfulDribbles,,,,,,,,,,,,,,,,,,,2.0,50.0,,,,,,,
True,,866928,overall,30,Toni Kroos,toni-kroos,T. Kroos,M,46660,26502,successfulDribbles,,,,,,,,,,,,,,,,,,,9.0,47.368421052632,,,,,,,
True,,866930,overall,23,David Alaba,david-alaba,D. Alaba,D,16914,66492,successfulDribbles,,,,,,,,,,,,,,,,,,,3.0,75.0,,,,,,,
True,,866918,overall,33,Antonio Rüdiger,antonio-rudiger,A. Rüdiger,D,14287,142622,successfulDribbles,,,,,,,,,,,,,,,,,,,3.0,75.0,,,,,,,
True,,866924,overall,31,Thibaut Courtois,thibaut-courtois,T. Courtois,G,23985,70988,successfulDribbles,,,,,,,,,,,,,,,,,,,2.0,100.0,,,,,,,
True,,866910,overall,24,Karim Benzema,karim-benzema,K. Benzema,F,164944,3306,penaltyWon,,,,,,,,,,,,,,,,,,,,,2.0,,,,,,
True,,876778,overall,34,Rodrygo,rodrygo,Rodrygo,F,59539,910536,penaltyWon,,,,,,,,,,,,,,,,,,,,,2.0,,,,,,
True,,871136,overall,33,Éder Militão,eder-militao,É. Militão,D,16939,822519,penaltyWon,,,,,,,,,,,,,,,,,,,,,1.0,,,,,,
True,,871132,overall,31,Marco Asensio,marco-asensio,M. Asensio,F,19176,361004,penaltyWon,,,,,,,,,,,,,,,,,,,,,1.0,,,,,,
True,,866904,overall,33,Vinícius Júnior,vinicius-junior,Vinícius,F,145260,868812,penaltyWon,,,,,,,,,,,,,,,,,,,,,1.0,,,,,,
True,,866926,overall,23,Lucas Vázquez,lucas-vazquez,L. Vázquez,D,8014,255239,penaltyWon,,,,,,,,,,,,,,,,,,,,,1.0,,,,,,
True,,866914,overall,33,Aurélien Tchouaméni,aurelien-tchouameni,A. Tchouaméni,M,22302,859025,tackles,,,,,,,,,,,,,,,,,,,,,,64.0,,,,,
True,,866920,overall,37,Eduardo Camavinga,camavinga-eduardo,E. Camavinga,M,25410,973887,tackles,,,,,,,,,,,,,,,,,,,,,,68.0,,,,,
True,,866928,overall,30,Toni Kroos,toni-kroos,T. Kroos,M,46660,26502,tackles,,,,,,,,,,,,,,,,,,,,,,51.0,,,,,
True,,866926,overall,23,Lucas Vázquez,lucas-vazquez,L. Vázquez,D,8014,255239,tackles,,,,,,,,,,,,,,,,,,,,,,34.0,,,,,
True,,866932,overall,30,Dani Ceballos,dani-ceballos,D. Ceballos,M,8035,547838,tackles,,,,,,,,,,,,,,,,,,,,,,43.0,,,,,
True,,871136,overall,33,Éder Militão,eder-militao,É. Militão,D,16939,822519,tackles,,,,,,,,,,,,,,,,,,,,,,46.0,,,,,
True,,871134,overall,27,Daniel Carvajal,daniel-carvajal,D. Carvajal,D,12051,138572,tackles,,,,,,,,,,,,,,,,,,,,,,32.0,,,,,
True,,866916,overall,18,Ferland Mendy,ferland-mendy,F. Mendy,D,9092,792073,tackles,,,,,,,,,,,,,,,,,,,,,,21.0,,,,,
True,,866912,overall,34,Federico Valverde,federico-valverde,F. Valverde,M,38049,831808,tackles,,,,,,,,,,,,,,,,,,,,,,31.0,,,,,
True,,866904,overall,33,Vinícius Júnior,vinicius-junior,Vinícius,F,145260,868812,tackles,,,,,,,,,,,,,,,,,,,,,,30.0,,,,,
True,,866922,overall,27,Nacho Fernández,nacho-fernandez,N. Fernández,D,7770,69404,tackles,,,,,,,,,,,,,,,,,,,,,,24.0,,,,,
True,,866930,overall,23,David Alaba,david-alaba,D. Alaba,D,16914,66492,tackles,,,,,,,,,,,,,,,,,,,,,,15.0,,,,,
True,,866902,overall,33,Luka Modrić,luka-modric,L. Modrić,M,87724,15466,tackles,,,,,,,,,,,,,,,,,,,,,,19.0,,,,,
True,,866918,overall,33,Antonio Rüdiger,antonio-rudiger,A. Rüdiger,D,14287,142622,tackles,,,,,,,,,,,,,,,,,,,,,,18.0,,,,,
True,,871132,overall,31,Marco Asensio,marco-asensio,M. Asensio,F,19176,361004,tackles,,,,,,,,,,,,,,,,,,,,,,16.0,,,,,
True,,876778,overall,34,Rodrygo,rodrygo,Rodrygo,F,59539,910536,tackles,,,,,,,,,,,,,,,,,,,,,,17.0,,,,,
True,,866910,overall,24,Karim Benzema,karim-benzema,K. Benzema,F,164944,3306,tackles,,,,,,,,,,,,,,,,,,,,,,9.0,,,,,
False,,957664,overall,6,Álvaro Rodríguez,alvaro-rodriguez,Á. Rodríguez,F,5838,1154587,tackles,,,,,,,,,,,,,,,,,,,,,,2.0,,,,,
False,,895596,overall,9,Mariano Díaz,mariano-diaz,M. Díaz,F,5555,175753,tackles,,,,,,,,,,,,,,,,,,,,,,1.0,,,,,
True,,866924,overall,31,Thibaut Courtois,thibaut-courtois,T. Courtois,G,23985,70988,tackles,,,,,,,,,,,,,,,,,,,,,,1.0,,,,,
True,,866914,overall,33,Aurélien Tchouaméni,aurelien-tchouameni,A. Tchouaméni,M,22302,859025,interceptions,,,,,,,,,,,,,,,,,,,,,,,49.0,,,,
True,,871136,overall,33,Éder Militão,eder-militao,É. Militão,D,16939,822519,interceptions,,,,,,,,,,,,,,,,,,,,,,,41.0,,,,
True,,866932,overall,30,Dani Ceballos,dani-ceballos,D. Ceballos,M,8035,547838,interceptions,,,,,,,,,,,,,,,,,,,,,,,25.0,,,,
True,,866928,overall,30,Toni Kroos,toni-kroos,T. Kroos,M,46660,26502,interceptions,,,,,,,,,,,,,,,,,,,,,,,24.0,,,,
True,,866916,overall,18,Ferland Mendy,ferland-mendy,F. Mendy,D,9092,792073,interceptions,,,,,,,,,,,,,,,,,,,,,,,14.0,,,,
True,,866922,overall,27,Nacho Fernández,nacho-fernandez,N. Fernández,D,7770,69404,interceptions,,,,,,,,,,,,,,,,,,,,,,,18.0,,,,
True,,866930,overall,23,David Alaba,david-alaba,D. Alaba,D,16914,66492,interceptions,,,,,,,,,,,,,,,,,,,,,,,14.0,,,,
True,,866918,overall,33,Antonio Rüdiger,antonio-rudiger,A. Rüdiger,D,14287,142622,interceptions,,,,,,,,,,,,,,,,,,,,,,,19.0,,,,
True,,871134,overall,27,Daniel Carvajal,daniel-carvajal,D. Carvajal,D,12051,138572,interceptions,,,,,,,,,,,,,,,,,,,,,,,15.0,,,,
True,,866912,overall,34,Federico Valverde,federico-valverde,F. Valverde,M,38049,831808,interceptions,,,,,,,,,,,,,,,,,,,,,,,17.0,,,,
True,,866920,overall,37,Eduardo Camavinga,camavinga-eduardo,E. Camavinga,M,25410,973887,interceptions,,,,,,,,,,,,,,,,,,,,,,,17.0,,,,
True,,866926,overall,23,Lucas Vázquez,lucas-vazquez,L. Vázquez,D,8014,255239,interceptions,,,,,,,,,,,,,,,,,,,,,,,7.0,,,,
True,,866902,overall,33,Luka Modrić,luka-modric,L. Modrić,M,87724,15466,interceptions,,,,,,,,,,,,,,,,,,,,,,,10.0,,,,
True,,876778,overall,34,Rodrygo,rodrygo,Rodrygo,F,59539,910536,interceptions,,,,,,,,,,,,,,,,,,,,,,,8.0,,,,
True,,866904,overall,33,Vinícius Júnior,vinicius-junior,Vinícius,F,145260,868812,interceptions,,,,,,,,,,,,,,,,,,,,,,,6.0,,,,
False,,866906,overall,6,Eden Hazard,eden-hazard,E. Hazard,F,87552,27583,interceptions,,,,,,,,,,,,,,,,,,,,,,,1.0,,,,
True,,871132,overall,31,Marco Asensio,marco-asensio,M. Asensio,F,19176,361004,interceptions,,,,,,,,,,,,,,,,,,,,,,,5.0,,,,
True,,866924,overall,31,Thibaut Courtois,thibaut-courtois,T. Courtois,G,23985,70988,interceptions,,,,,,,,,,,,,,,,,,,,,,,3.0,,,,
True,,866910,overall,24,Karim Benzema,karim-benzema,K. Benzema,F,164944,3306,interceptions,,,,,,,,,,,,,,,,,,,,,,,2.0,,,,
True,,871136,overall,33,Éder Militão,eder-militao,É. Militão,D,16939,822519,clearances,,,,,,,,,,,,,,,,,,,,,,,,99.0,,,
True,,866918,overall,33,Antonio Rüdiger,antonio-rudiger,A. Rüdiger,D,14287,142622,clearances,,,,,,,,,,,,,,,,,,,,,,,,68.0,,,
True,,866930,overall,23,David Alaba,david-alaba,D. Alaba,D,16914,66492,clearances,,,,,,,,,,,,,,,,,,,,,,,,36.0,,,
True,,866914,overall,33,Aurélien Tchouaméni,aurelien-tchouameni,A. Tchouaméni,M,22302,859025,clearances,,,,,,,,,,,,,,,,,,,,,,,,50.0,,,
True,,871134,overall,27,Daniel Carvajal,daniel-carvajal,D. Carvajal,D,12051,138572,clearances,,,,,,,,,,,,,,,,,,,,,,,,40.0,,,
True,,866922,overall,27,Nacho Fernández,nacho-fernandez,N. Fernández,D,7770,69404,clearances,,,,,,,,,,,,,,,,,,,,,,,,33.0,,,
False,,866900,overall,1,Casemiro,casemiro,Casemiro,M,59818,122951,clearances,,,,,,,,,,,,,,,,,,,,,,,,1.0,,,
True,,866916,overall,18,Ferland Mendy,ferland-mendy,F. Mendy,D,9092,792073,clearances,,,,,,,,,,,,,,,,,,,,,,,,12.0,,,
True,,866920,overall,37,Eduardo Camavinga,camavinga-eduardo,E. Camavinga,M,25410,973887,clearances,,,,,,,,,,,,,,,,,,,,,,,,20.0,,,
True,,866912,overall,34,Federico Valverde,federico-valverde,F. Valverde,M,38049,831808,clearances,,,,,,,,,,,,,,,,,,,,,,,,15.0,,,
True,,866926,overall,23,Lucas Vázquez,lucas-vazquez,L. Vázquez,D,8014,255239,clearances,,,,,,,,,,,,,,,,,,,,,,,,10.0,,,
True,,866924,overall,31,Thibaut Courtois,thibaut-courtois,T. Courtois,G,23985,70988,clearances,,,,,,,,,,,,,,,,,,,,,,,,10.0,,,
False,,895593,overall,7,Andriy Lunin,andriy-lunin,A. Lunin,G,6048,857574,clearances,,,,,,,,,,,,,,,,,,,,,,,,2.0,,,
True,,866928,overall,30,Toni Kroos,toni-kroos,T. Kroos,M,46660,26502,clearances,,,,,,,,,,,,,,,,,,,,,,,,7.0,,,
True,,866910,overall,24,Karim Benzema,karim-benzema,K. Benzema,F,164944,3306,clearances,,,,,,,,,,,,,,,,,,,,,,,,5.0,,,
True,,866902,overall,33,Luka Modrić,luka-modric,L. Modrić,M,87724,15466,clearances,,,,,,,,,,,,,,,,,,,,,,,,6.0,,,
True,,866932,overall,30,Dani Ceballos,dani-ceballos,D. Ceballos,M,8035,547838,clearances,,,,,,,,,,,,,,,,,,,,,,,,5.0,,,
False,,957664,overall,6,Álvaro Rodríguez,alvaro-rodriguez,Á. Rodríguez,F,5838,1154587,clearances,,,,,,,,,,,,,,,,,,,,,,,,1.0,,,
True,,876778,overall,34,Rodrygo,rodrygo,Rodrygo,F,59539,910536,clearances,,,,,,,,,,,,,,,,,,,,,,,,4.0,,,
True,,871132,overall,31,Marco Asensio,marco-asensio,M. Asensio,F,19176,361004,clearances,,,,,,,,,,,,,,,,,,,,,,,,3.0,,,
True,,866904,overall,33,Vinícius Júnior,vinicius-junior,Vinícius,F,145260,868812,possessionLost,,,,,,,,,,,,,,,,,,,,,,,,,630.0,,
True,,866910,overall,24,Karim Benzema,karim-benzema,K. Benzema,F,164944,3306,possessionLost,,,,,,,,,,,,,,,,,,,,,,,,,231.0,,
True,,876778,overall,34,Rodrygo,rodrygo,Rodrygo,F,59539,910536,possessionLost,,,,,,,,,,,,,,,,,,,,,,,,,305.0,,
True,,871134,overall,27,Daniel Carvajal,daniel-carvajal,D. Carvajal,D,12051,138572,possessionLost,,,,,,,,,,,,,,,,,,,,,,,,,238.0,,
True,,866928,overall,30,Toni Kroos,toni-kroos,T. Kroos,M,46660,26502,possessionLost,,,,,,,,,,,,,,,,,,,,,,,,,259.0,,
True,,866902,overall,33,Luka Modrić,luka-modric,L. Modrić,M,87724,15466,possessionLost,,,,,,,,,,,,,,,,,,,,,,,,,262.0,,
True,,871136,overall,33,Éder Militão,eder-militao,É. Militão,D,16939,822519,possessionLost,,,,,,,,,,,,,,,,,,,,,,,,,251.0,,
True,,866912,overall,34,Federico Valverde,federico-valverde,F. Valverde,M,38049,831808,possessionLost,,,,,,,,,,,,,,,,,,,,,,,,,254.0,,
True,,866932,overall,30,Dani Ceballos,dani-ceballos,D. Ceballos,M,8035,547838,possessionLost,,,,,,,,,,,,,,,,,,,,,,,,,213.0,,
True,,866926,overall,23,Lucas Vázquez,lucas-vazquez,L. Vázquez,D,8014,255239,possessionLost,,,,,,,,,,,,,,,,,,,,,,,,,162.0,,
True,,866930,overall,23,David Alaba,david-alaba,D. Alaba,D,16914,66492,possessionLost,,,,,,,,,,,,,,,,,,,,,,,,,160.0,,
True,,866920,overall,37,Eduardo Camavinga,camavinga-eduardo,E. Camavinga,M,25410,973887,possessionLost,,,,,,,,,,,,,,,,,,,,,,,,,233.0,,
True,,866916,overall,18,Ferland Mendy,ferland-mendy,F. Mendy,D,9092,792073,possessionLost,,,,,,,,,,,,,,,,,,,,,,,,,113.0,,
True,,871132,overall,31,Marco Asensio,marco-asensio,M. Asensio,F,19176,361004,possessionLost,,,,,,,,,,,,,,,,,,,,,,,,,193.0,,
True,,866924,overall,31,Thibaut Courtois,thibaut-courtois,T. Courtois,G,23985,70988,possessionLost,,,,,,,,,,,,,,,,,,,,,,,,,158.0,,
True,,866914,overall,33,Aurélien Tchouaméni,aurelien-tchouameni,A. Tchouaméni,M,22302,859025,possessionLost,,,,,,,,,,,,,,,,,,,,,,,,,167.0,,
True,,866922,overall,27,Nacho Fernández,nacho-fernandez,N. Fernández,D,7770,69404,possessionLost,,,,,,,,,,,,,,,,,,,,,,,,,127.0,,
True,,866918,overall,33,Antonio Rüdiger,antonio-rudiger,A. Rüdiger,D,14287,142622,possessionLost,,,,,,,,,,,,,,,,,,,,,,,,,142.0,,
False,,866906,overall,6,Eden Hazard,eden-hazard,E. Hazard,F,87552,27583,possessionLost,,,,,,,,,,,,,,,,,,,,,,,,,25.0,,
False,,895593,overall,7,Andriy Lunin,andriy-lunin,A. Lunin,G,6048,857574,possessionLost,,,,,,,,,,,,,,,,,,,,,,,,,22.0,,
False,,866900,overall,1,Casemiro,casemiro,Casemiro,M,59818,122951,possessionLost,,,,,,,,,,,,,,,,,,,,,,,,,2.0,,
False,,957664,overall,6,Álvaro Rodríguez,alvaro-rodriguez,Á. Rodríguez,F,5838,1154587,possessionLost,,,,,,,,,,,,,,,,,,,,,,,,,11.0,,
False,,895596,overall,9,Mariano Díaz,mariano-diaz,M. Díaz,F,5555,175753,possessionLost,,,,,,,,,,,,,,,,,,,,,,,,,15.0,,
False,,954886,overall,2,Sergio Arribas,sergio-arribas,S. Arribas,M,2207,997203,possessionLost,,,,,,,,,,,,,,,,,,,,,,,,,2.0,,
False,,954884,overall,3,Álvaro Odriozola,alvaro-odriozola,Á. Odriozola,D,4003,353250,possessionLost,,,,,,,,,,,,,,,,,,,,,,,,,1.0,,
True,,866904,overall,33,Vinícius Júnior,vinicius-junior,Vinícius,F,145260,868812,yellowCards,,,,,,,,,,,,,,,,,,,,,,,,,,10.0,
True,,866932,overall,30,Dani Ceballos,dani-ceballos,D. Ceballos,M,8035,547838,yellowCards,,,,,,,,,,,,,,,,,,,,,,,,,,8.0,
True,,866902,overall,33,Luka Modrić,luka-modric,L. Modrić,M,87724,15466,yellowCards,,,,,,,,,,,,,,,,,,,,,,,,,,7.0,
True,,866922,overall,27,Nacho Fernández,nacho-fernandez,N. Fernández,D,7770,69404,yellowCards,,,,,,,,,,,,,,,,,,,,,,,,,,7.0,
True,,866920,overall,37,Eduardo Camavinga,camavinga-eduardo,E. Camavinga,M,25410,973887,yellowCards,,,,,,,,,,,,,,,,,,,,,,,,,,6.0,
True,,871134,overall,27,Daniel Carvajal,daniel-carvajal,D. Carvajal,D,12051,138572,yellowCards,,,,,,,,,,,,,,,,,,,,,,,,,,6.0,
True,,871136,overall,33,Éder Militão,eder-militao,É. Militão,D,16939,822519,yellowCards,,,,,,,,,,,,,,,,,,,,,,,,,,4.0,
True,,876778,overall,34,Rodrygo,rodrygo,Rodrygo,F,59539,910536,yellowCards,,,,,,,,,,,,,,,,,,,,,,,,,,4.0,
True,,866930,overall,23,David Alaba,david-alaba,D. Alaba,D,16914,66492,yellowCards,,,,,,,,,,,,,,,,,,,,,,,,,,3.0,
True,,866912,overall,34,Federico Valverde,federico-valverde,F. Valverde,M,38049,831808,yellowCards,,,,,,,,,,,,,,,,,,,,,,,,,,2.0,
True,,866914,overall,33,Aurélien Tchouaméni,aurelien-tchouameni,A. Tchouaméni,M,22302,859025,yellowCards,,,,,,,,,,,,,,,,,,,,,,,,,,2.0,
True,,866926,overall,23,Lucas Vázquez,lucas-vazquez,L. Vázquez,D,8014,255239,yellowCards,,,,,,,,,,,,,,,,,,,,,,,,,,2.0,
True,,866916,overall,18,Ferland Mendy,ferland-mendy,F. Mendy,D,9092,792073,yellowCards,,,,,,,,,,,,,,,,,,,,,,,,,,2.0,
True,,895596,overall,9,Mariano Díaz,mariano-diaz,M. Díaz,F,5555,175753,yellowCards,,,,,,,,,,,,,,,,,,,,,,,,,,2.0,
True,,866910,overall,24,Karim Benzema,karim-benzema,K. Benzema,F,164944,3306,yellowCards,,,,,,,,,,,,,,,,,,,,,,,,,,1.0,
True,,871132,overall,31,Marco Asensio,marco-asensio,M. Asensio,F,19176,361004,yellowCards,,,,,,,,,,,,,,,,,,,,,,,,,,1.0,
True,,866918,overall,33,Antonio Rüdiger,antonio-rudiger,A. Rüdiger,D,14287,142622,yellowCards,,,,,,,,,,,,,,,,,,,,,,,,,,1.0,
True,,866928,overall,30,Toni Kroos,toni-kroos,T. Kroos,M,46660,26502,redCards,,,,,,,,,,,,,,,,,,,,,,,,,,,1.0
True,,871134,overall,27,Daniel Carvajal,daniel-carvajal,D. Carvajal,D,12051,138572,redCards,,,,,,,,,,,,,,,,,,,,,,,,,,,1.0
